CustomerID,Age,Gender,MaritalStatus,IncomeLevel,LoginFrequency,ServiceUsage,Total_Transactions,Total_Amount_Spent,Avg_Amount_Spent,Total_Service_Interactions,Total_Complaints,Total_Unresolved,ChurnStatus,Days_Since_Last_Login
1,62,M,Single,Low,34,Mobile App,1,416.5,416.5,1.0,0.0,0.0,0,71
2,65,M,Married,Low,5,Website,7,1547.4199999999998,221.05999999999997,1.0,0.0,0.0,1,26
3,18,M,Single,Low,3,Website,6,1702.98,283.83,1.0,0.0,0.0,0,46
4,21,M,Widowed,Low,2,Website,5,917.29,183.458,2.0,0.0,1.0,0,128
5,21,M,Divorced,Medium,41,Website,8,2001.49,250.18625,0.0,0.0,0.0,0,65
6,57,F,Divorced,Medium,2,Website,5,1164.29,232.858,1.0,0.0,0.0,0,105
7,27,F,Married,High,32,Mobile App,1,86.73,86.73,0.0,0.0,0.0,0,358
8,37,M,Single,Low,17,Online Banking,7,2046.88,292.4114285714286,2.0,0.0,2.0,1,253
9,39,M,Divorced,High,24,Website,5,1317.24,263.448,1.0,0.0,0.0,0,187
10,68,M,Married,High,29,Online Banking,7,1397.36,199.62285714285713,0.0,0.0,0.0,1,352
11,54,M,Divorced,Medium,30,Online Banking,5,1733.83,346.76599999999996,2.0,0.0,1.0,0,343
12,41,F,Married,Low,43,Website,1,87.1,87.1,2.0,0.0,1.0,0,0
13,24,F,Divorced,Low,10,Mobile App,3,392.02,130.67333333333332,1.0,1.0,0.0,0,179
14,42,M,Widowed,Medium,26,Online Banking,9,2843.59,315.95444444444445,2.0,1.0,1.0,0,355
15,42,M,Divorced,Medium,44,Online Banking,8,1914.02,239.2525,2.0,1.0,2.0,0,199
16,30,F,Single,Medium,41,Online Banking,9,2019.79,224.42111111111112,2.0,0.0,0.0,1,291
17,19,M,Married,Low,8,Online Banking,7,1625.27,232.18142857142857,2.0,0.0,1.0,0,119
18,56,F,Married,High,37,Website,5,951.3800000000001,190.276,1.0,0.0,1.0,1,37
19,57,F,Divorced,High,39,Online Banking,5,1017.26,203.452,2.0,2.0,2.0,0,298
20,41,M,Single,Low,16,Website,9,2775.85,308.42777777777775,1.0,0.0,0.0,0,138
21,64,M,Divorced,High,18,Website,5,913.02,182.60399999999998,0.0,0.0,0.0,0,198
22,42,F,Divorced,Low,42,Mobile App,6,1582.73,263.78833333333336,2.0,0.0,0.0,0,239
23,35,F,Divorced,Low,19,Mobile App,4,1490.74,372.685,2.0,2.0,1.0,0,177
24,55,M,Widowed,Medium,12,Mobile App,5,1143.22,228.644,1.0,1.0,0.0,0,88
25,43,F,Married,Low,27,Mobile App,3,764.77,254.92333333333332,1.0,0.0,0.0,0,319
26,31,M,Single,Medium,45,Mobile App,3,571.76,190.58666666666667,1.0,1.0,0.0,1,93
27,26,M,Widowed,Medium,22,Mobile App,8,2210.6,276.325,1.0,0.0,1.0,0,91
28,27,F,Widowed,High,42,Online Banking,6,1702.26,283.71,2.0,1.0,2.0,0,66
29,38,F,Divorced,Medium,34,Website,3,853.0699999999999,284.3566666666666,2.0,0.0,1.0,0,120
30,69,M,Divorced,High,38,Website,2,706.66,353.33,2.0,2.0,1.0,0,172
31,34,M,Divorced,Low,23,Online Banking,5,1108.56,221.712,2.0,1.0,0.0,0,136
32,69,F,Married,High,48,Mobile App,5,1225.52,245.10399999999998,0.0,0.0,0.0,0,359
33,23,M,Divorced,High,24,Mobile App,2,689.0,344.5,1.0,0.0,0.0,1,226
34,33,M,Widowed,High,44,Online Banking,9,1886.4,209.60000000000002,2.0,0.0,1.0,0,272
35,65,M,Married,Low,19,Mobile App,3,779.8399999999999,259.94666666666666,1.0,1.0,1.0,0,222
36,18,F,Widowed,Low,6,Online Banking,6,1321.5500000000002,220.25833333333335,1.0,0.0,0.0,0,323
37,36,F,Married,Medium,3,Online Banking,9,3166.88,351.8755555555556,1.0,1.0,0.0,0,125
38,53,F,Married,Low,47,Online Banking,3,874.86,291.62,1.0,0.0,0.0,0,34
39,42,M,Married,Medium,26,Online Banking,5,1191.94,238.388,0.0,0.0,0.0,0,345
40,67,F,Widowed,Low,20,Website,7,1578.3500000000001,225.47857142857146,1.0,1.0,0.0,0,78
41,69,F,Married,High,38,Mobile App,2,363.22,181.61,1.0,0.0,1.0,1,180
42,47,M,Widowed,Medium,10,Mobile App,3,530.61,176.87,0.0,0.0,0.0,0,167
43,37,M,Single,Low,25,Mobile App,7,2213.63,316.23285714285714,2.0,0.0,1.0,0,220
44,37,F,Widowed,Low,35,Mobile App,3,687.8199999999999,229.2733333333333,1.0,0.0,1.0,0,48
45,32,F,Widowed,Low,49,Online Banking,1,300.42,300.42,1.0,1.0,1.0,0,120
46,57,F,Married,High,24,Online Banking,1,134.67,134.67,0.0,0.0,0.0,1,153
47,50,F,Married,Medium,21,Website,7,1466.37,209.48142857142855,0.0,0.0,0.0,0,256
48,19,M,Divorced,Medium,34,Website,7,1597.29,228.18428571428572,0.0,0.0,0.0,0,202
49,27,F,Single,Medium,18,Online Banking,3,641.48,213.82666666666668,0.0,0.0,0.0,0,315
50,50,F,Single,Low,19,Online Banking,4,1514.62,378.655,2.0,1.0,2.0,0,169
51,49,M,Divorced,Medium,3,Mobile App,3,549.86,183.28666666666666,0.0,0.0,0.0,1,61
52,28,M,Widowed,Medium,6,Mobile App,1,401.25,401.25,0.0,0.0,0.0,0,318
53,41,F,Widowed,Low,20,Mobile App,7,1255.34,179.3342857142857,0.0,0.0,0.0,0,90
54,53,F,Married,Low,22,Online Banking,2,461.21000000000004,230.60500000000002,2.0,1.0,0.0,0,345
55,29,F,Single,Low,33,Website,5,1129.35,225.86999999999998,0.0,0.0,0.0,0,135
56,68,F,Married,Low,14,Mobile App,5,1443.46,288.692,0.0,0.0,0.0,0,133
57,46,F,Divorced,High,44,Online Banking,3,597.75,199.25,1.0,1.0,1.0,0,164
58,52,M,Single,High,9,Online Banking,6,2215.82,369.30333333333334,2.0,1.0,2.0,0,258
59,18,M,Married,Medium,45,Online Banking,3,292.51,97.50333333333333,0.0,0.0,0.0,0,20
60,18,F,Single,High,25,Mobile App,4,781.09,195.2725,2.0,0.0,1.0,0,304
61,54,M,Single,Low,47,Website,3,678.97,226.32333333333335,1.0,1.0,0.0,1,4
62,23,F,Married,High,16,Mobile App,4,840.0,210.0,2.0,1.0,0.0,0,126
63,56,M,Married,Low,7,Mobile App,9,2205.11,245.01222222222225,0.0,0.0,0.0,0,219
64,58,F,Single,High,11,Online Banking,3,965.21,321.7366666666667,0.0,0.0,0.0,0,211
65,35,F,Divorced,Low,27,Mobile App,5,1359.8899999999999,271.97799999999995,0.0,0.0,0.0,0,97
66,33,M,Widowed,Medium,40,Online Banking,8,1409.11,176.13875,0.0,0.0,0.0,0,136
67,22,F,Single,Medium,17,Online Banking,4,701.76,175.44,2.0,0.0,0.0,0,161
68,59,F,Divorced,High,5,Website,4,886.4799999999999,221.61999999999998,2.0,1.0,2.0,1,159
69,60,F,Single,Low,29,Mobile App,4,1038.53,259.6325,1.0,0.0,0.0,0,48
70,49,F,Married,Medium,10,Mobile App,7,2453.98,350.56857142857143,0.0,0.0,0.0,0,291
71,19,F,Divorced,Low,47,Online Banking,3,474.59000000000003,158.1966666666667,2.0,0.0,1.0,1,136
72,19,F,Divorced,High,25,Online Banking,6,1080.4,180.0666666666667,2.0,2.0,1.0,1,250
73,57,M,Single,Low,24,Online Banking,9,2254.22,250.46888888888887,1.0,0.0,0.0,1,65
74,59,M,Widowed,Low,44,Mobile App,8,2083.79,260.47375,1.0,1.0,0.0,0,315
75,53,F,Single,High,12,Mobile App,4,769.97,192.4925,1.0,0.0,0.0,1,197
76,56,F,Widowed,Medium,5,Website,4,883.92,220.98,2.0,1.0,1.0,1,236
77,29,M,Divorced,High,29,Online Banking,8,1797.06,224.6325,0.0,0.0,0.0,0,77
78,64,M,Widowed,Low,35,Mobile App,3,816.89,272.2966666666667,1.0,0.0,1.0,0,85
79,36,M,Married,High,23,Online Banking,3,931.3199999999999,310.44,1.0,1.0,0.0,1,255
80,45,M,Widowed,High,32,Mobile App,1,110.82,110.82,0.0,0.0,0.0,0,205
81,18,F,Widowed,Low,40,Website,8,2181.77,272.72125,0.0,0.0,0.0,1,28
82,32,F,Divorced,High,19,Mobile App,1,232.38,232.38,0.0,0.0,0.0,0,237
83,53,M,Widowed,Medium,25,Mobile App,6,1419.9199999999998,236.6533333333333,2.0,0.0,2.0,0,0
84,30,M,Divorced,Medium,45,Online Banking,5,1545.91,309.182,0.0,0.0,0.0,0,31
85,60,M,Married,High,37,Mobile App,9,1690.08,187.78666666666666,0.0,0.0,0.0,0,145
86,38,M,Married,Low,1,Website,7,1674.6599999999999,239.23714285714283,0.0,0.0,0.0,0,74
87,29,F,Single,High,43,Website,5,1411.84,282.368,2.0,1.0,1.0,0,39
88,22,M,Single,High,13,Online Banking,2,447.34000000000003,223.67000000000002,0.0,0.0,0.0,0,326
89,24,M,Single,Medium,12,Mobile App,7,1951.99,278.85571428571427,0.0,0.0,0.0,0,116
90,22,M,Married,Medium,47,Online Banking,6,1229.96,204.99333333333334,1.0,0.0,0.0,0,215
91,65,F,Widowed,Low,43,Mobile App,9,1804.74,200.52666666666667,2.0,0.0,1.0,0,331
92,21,F,Divorced,Low,37,Mobile App,8,2265.28,283.16,2.0,0.0,1.0,0,183
93,30,F,Married,Low,42,Mobile App,5,848.07,169.614,2.0,2.0,0.0,0,76
94,54,M,Widowed,High,41,Website,3,1113.6100000000001,371.2033333333334,0.0,0.0,0.0,0,187
95,58,F,Single,High,12,Online Banking,3,677.27,225.75666666666666,1.0,1.0,0.0,0,194
96,32,F,Divorced,High,36,Mobile App,1,161.84,161.84,2.0,2.0,2.0,0,307
97,33,M,Single,High,38,Website,2,553.65,276.825,2.0,1.0,0.0,0,11
98,38,F,Divorced,Low,9,Mobile App,5,893.76,178.752,1.0,0.0,0.0,0,222
99,53,M,Widowed,Low,14,Online Banking,5,889.75,177.95,0.0,0.0,0.0,0,324
100,41,F,Married,Low,45,Online Banking,4,1108.56,277.14,2.0,1.0,0.0,1,212
101,33,F,Single,High,35,Online Banking,1,492.35,492.35,2.0,0.0,1.0,0,350
102,31,M,Married,High,32,Online Banking,6,2029.96,338.32666666666665,2.0,1.0,1.0,0,351
103,39,M,Widowed,Low,46,Mobile App,9,2297.73,255.30333333333334,2.0,0.0,0.0,0,248
104,66,F,Widowed,Medium,3,Online Banking,9,2666.84,296.3155555555556,2.0,0.0,1.0,1,283
105,67,F,Widowed,Low,30,Website,8,1863.6,232.95,2.0,0.0,2.0,0,7
106,23,M,Married,High,49,Mobile App,3,875.08,291.6933333333333,2.0,1.0,1.0,0,164
107,59,F,Married,High,7,Online Banking,6,1542.76,257.12666666666667,0.0,0.0,0.0,1,338
108,53,M,Divorced,Low,1,Mobile App,2,494.30999999999995,247.15499999999997,2.0,0.0,2.0,1,282
109,18,M,Married,Medium,20,Mobile App,6,1274.7,212.45000000000002,2.0,1.0,2.0,0,247
110,49,M,Married,Medium,25,Website,3,723.0,241.0,2.0,0.0,0.0,1,82
111,23,F,Widowed,High,33,Website,2,613.1800000000001,306.59000000000003,1.0,0.0,1.0,1,197
112,48,F,Divorced,High,35,Website,3,750.17,250.05666666666664,1.0,0.0,0.0,0,76
113,18,F,Married,High,44,Online Banking,7,1834.01,262.00142857142856,1.0,1.0,1.0,0,263
114,67,F,Married,Low,24,Website,8,2133.28,266.66,0.0,0.0,0.0,0,151
115,68,F,Widowed,High,14,Mobile App,5,653.62,130.724,0.0,0.0,0.0,0,101
116,54,M,Married,High,39,Mobile App,7,1504.28,214.89714285714285,1.0,1.0,0.0,0,133
117,52,F,Widowed,High,44,Online Banking,2,448.48,224.24,0.0,0.0,0.0,0,6
118,66,M,Divorced,Medium,34,Online Banking,6,1625.39,270.89833333333337,1.0,0.0,1.0,0,91
119,47,M,Widowed,Medium,18,Mobile App,8,2012.3300000000002,251.54125000000002,2.0,1.0,0.0,1,277
120,21,F,Widowed,High,2,Online Banking,6,1168.79,194.79833333333332,2.0,1.0,1.0,0,311
121,52,M,Divorced,Medium,38,Mobile App,5,1073.01,214.602,2.0,2.0,1.0,0,113
122,60,F,Single,Medium,17,Mobile App,9,2825.52,313.94666666666666,1.0,0.0,0.0,1,200
123,31,M,Widowed,Medium,23,Mobile App,3,938.58,312.86,2.0,0.0,0.0,1,291
124,66,M,Married,Medium,33,Website,7,2283.88,326.2685714285714,2.0,0.0,0.0,0,315
125,57,M,Widowed,Low,28,Online Banking,2,744.89,372.445,0.0,0.0,0.0,0,193
126,39,F,Divorced,Medium,15,Website,9,2323.02,258.11333333333334,0.0,0.0,0.0,0,231
127,27,F,Married,Medium,11,Website,8,1976.17,247.02125,1.0,0.0,0.0,0,347
128,18,F,Divorced,Medium,23,Website,2,630.2,315.1,2.0,2.0,1.0,1,177
129,28,F,Widowed,Medium,13,Website,2,243.55,121.775,1.0,0.0,0.0,0,285
130,68,M,Divorced,Low,47,Mobile App,2,552.23,276.115,1.0,0.0,1.0,0,309
131,61,F,Divorced,Low,11,Website,8,2726.7,340.8375,1.0,0.0,0.0,0,98
132,41,F,Single,High,36,Website,9,1879.94,208.88222222222223,0.0,0.0,0.0,0,199
133,20,M,Widowed,Medium,38,Mobile App,4,896.27,224.0675,1.0,0.0,0.0,0,262
134,52,M,Widowed,Medium,27,Mobile App,6,1570.08,261.68,1.0,0.0,1.0,0,360
135,53,F,Widowed,High,18,Mobile App,2,441.75,220.875,0.0,0.0,0.0,0,195
136,48,M,Widowed,Low,40,Mobile App,2,419.86,209.93,0.0,0.0,0.0,0,54
137,21,F,Married,High,38,Online Banking,1,431.47,431.47,0.0,0.0,0.0,1,195
138,36,M,Divorced,Low,34,Online Banking,8,2804.65,350.58125,1.0,0.0,1.0,0,286
139,64,F,Widowed,High,22,Website,7,2045.49,292.21285714285716,2.0,0.0,1.0,0,211
140,53,M,Married,High,18,Mobile App,3,1024.23,341.41,1.0,0.0,0.0,0,71
141,38,F,Widowed,Medium,41,Online Banking,7,2483.75,354.82142857142856,2.0,2.0,0.0,0,186
142,35,M,Divorced,High,18,Mobile App,5,1391.99,278.398,1.0,0.0,1.0,0,248
143,68,F,Widowed,Low,13,Website,2,343.27,171.635,1.0,0.0,0.0,0,6
144,45,F,Married,Low,39,Online Banking,1,419.85,419.85,1.0,0.0,0.0,1,316
145,32,F,Married,High,16,Online Banking,5,1768.7,353.74,2.0,1.0,2.0,0,81
146,59,F,Divorced,Low,8,Mobile App,5,1373.73,274.746,0.0,0.0,0.0,0,19
147,19,F,Widowed,High,34,Mobile App,8,2260.34,282.5425,2.0,1.0,1.0,0,120
148,54,F,Married,Medium,29,Website,1,13.04,13.04,2.0,1.0,1.0,0,297
149,28,M,Single,Medium,6,Online Banking,1,444.84,444.84,1.0,1.0,0.0,0,317
150,40,F,Widowed,Medium,38,Mobile App,8,1193.26,149.1575,0.0,0.0,0.0,0,185
151,61,M,Single,Medium,36,Mobile App,1,334.2,334.2,2.0,0.0,1.0,0,212
152,58,F,Married,High,48,Mobile App,7,1448.8,206.97142857142856,0.0,0.0,0.0,0,92
153,29,M,Married,Low,42,Online Banking,5,1735.16,347.03200000000004,1.0,1.0,1.0,0,339
154,20,F,Divorced,High,26,Mobile App,7,1753.55,250.50714285714284,0.0,0.0,0.0,0,256
155,69,M,Divorced,Low,18,Website,8,1883.08,235.385,2.0,2.0,0.0,0,267
156,34,F,Widowed,High,11,Mobile App,7,702.9200000000001,100.41714285714286,0.0,0.0,0.0,0,184
157,50,M,Married,Low,27,Mobile App,7,2412.6800000000003,344.66857142857145,0.0,0.0,0.0,0,201
158,18,F,Married,Low,30,Online Banking,7,1471.29,210.18428571428572,0.0,0.0,0.0,0,89
159,56,M,Married,High,18,Website,1,25.75,25.75,2.0,1.0,2.0,0,234
160,37,M,Married,Medium,43,Online Banking,8,2053.13,256.64125,2.0,1.0,1.0,1,243
161,64,M,Single,High,4,Mobile App,6,1983.84,330.64,1.0,1.0,1.0,0,160
162,60,F,Married,Medium,6,Mobile App,3,425.88,141.96,2.0,1.0,1.0,0,203
163,69,M,Divorced,High,22,Mobile App,3,1064.88,354.96000000000004,2.0,0.0,1.0,0,352
164,58,F,Widowed,Low,2,Website,5,955.49,191.098,1.0,0.0,0.0,1,36
165,31,F,Widowed,Medium,47,Mobile App,1,181.34,181.34,0.0,0.0,0.0,0,305
166,48,F,Widowed,Low,48,Online Banking,5,1241.5,248.3,1.0,0.0,0.0,0,150
167,42,F,Single,Low,40,Website,8,2356.35,294.54375,1.0,0.0,0.0,0,303
168,20,M,Married,Low,32,Website,4,1126.93,281.7325,2.0,2.0,1.0,1,124
169,21,F,Widowed,High,39,Mobile App,9,2164.75,240.52777777777777,1.0,0.0,1.0,0,196
170,48,M,Divorced,Low,21,Website,7,1448.33,206.9042857142857,1.0,0.0,1.0,1,80
171,52,F,Single,High,8,Mobile App,7,2532.71,361.8157142857143,1.0,0.0,0.0,0,241
172,61,M,Married,Medium,25,Website,6,1972.76,328.79333333333335,2.0,1.0,1.0,0,19
173,31,F,Married,Low,41,Mobile App,3,606.09,202.03,1.0,0.0,0.0,0,70
174,66,F,Married,Medium,36,Mobile App,7,1801.46,257.3514285714286,1.0,1.0,1.0,1,297
175,58,M,Married,Medium,4,Website,7,1218.9,174.12857142857143,2.0,0.0,1.0,0,34
176,26,F,Single,High,15,Website,6,936.78,156.13,0.0,0.0,0.0,1,99
177,37,F,Divorced,Medium,28,Website,1,429.79,429.79,1.0,0.0,1.0,0,301
178,49,F,Married,High,20,Website,3,741.63,247.21,0.0,0.0,0.0,0,239
179,26,F,Single,High,38,Website,2,412.58000000000004,206.29000000000002,0.0,0.0,0.0,0,116
180,44,F,Single,Medium,6,Online Banking,7,1985.93,283.70428571428573,0.0,0.0,0.0,0,335
181,20,F,Divorced,Medium,30,Mobile App,2,715.6800000000001,357.84000000000003,0.0,0.0,0.0,0,253
182,21,F,Single,Medium,32,Online Banking,5,1491.65,298.33000000000004,2.0,0.0,0.0,0,202
183,62,F,Single,High,49,Online Banking,3,1135.44,378.48,1.0,0.0,0.0,1,254
184,32,M,Widowed,High,41,Online Banking,2,97.19,48.595,0.0,0.0,0.0,0,261
185,50,F,Widowed,Medium,4,Online Banking,6,1284.89,214.14833333333334,2.0,1.0,0.0,0,69
186,22,M,Divorced,High,35,Mobile App,3,460.87,153.62333333333333,0.0,0.0,0.0,0,74
187,21,F,Widowed,Medium,30,Mobile App,2,513.26,256.63,2.0,1.0,0.0,0,356
188,63,M,Single,High,49,Mobile App,6,1768.25,294.7083333333333,2.0,0.0,1.0,0,277
189,29,M,Single,High,41,Mobile App,3,574.4699999999999,191.48999999999998,2.0,0.0,1.0,0,193
190,40,M,Divorced,Low,22,Website,7,1417.97,202.56714285714287,1.0,0.0,1.0,1,274
191,31,F,Single,Low,2,Website,7,1942.65,277.5214285714286,2.0,0.0,1.0,0,319
192,63,F,Divorced,Medium,12,Website,3,1172.53,390.8433333333333,2.0,1.0,1.0,0,177
193,29,M,Widowed,Low,34,Website,1,270.34,270.34,2.0,0.0,1.0,0,234
194,34,F,Widowed,High,34,Website,5,1388.97,277.794,0.0,0.0,0.0,0,69
195,42,F,Married,Medium,14,Website,6,1711.71,285.285,2.0,0.0,1.0,0,299
196,47,M,Widowed,Low,39,Website,8,2134.16,266.77,2.0,1.0,2.0,0,343
197,39,F,Married,Medium,39,Online Banking,4,925.4300000000001,231.35750000000002,2.0,1.0,1.0,1,290
198,64,M,Married,Medium,45,Online Banking,7,1461.25,208.75,0.0,0.0,0.0,0,193
199,43,M,Married,High,6,Website,6,1270.25,211.70833333333334,2.0,1.0,1.0,0,357
200,34,F,Single,Low,8,Online Banking,6,1702.06,283.6766666666667,2.0,1.0,0.0,0,324
201,37,M,Married,High,27,Online Banking,3,956.5799999999999,318.85999999999996,2.0,0.0,1.0,1,139
202,51,F,Widowed,Medium,12,Mobile App,1,336.18,336.18,2.0,0.0,0.0,0,299
203,58,F,Divorced,Medium,21,Website,6,1767.9,294.65000000000003,2.0,2.0,0.0,0,259
204,50,F,Widowed,Medium,38,Online Banking,2,454.14,227.07,2.0,0.0,1.0,0,237
205,54,F,Divorced,Low,4,Mobile App,4,741.9699999999999,185.49249999999998,0.0,0.0,0.0,0,338
206,24,M,Widowed,High,25,Mobile App,1,99.58,99.58,0.0,0.0,0.0,0,34
207,39,F,Divorced,High,43,Website,8,1799.17,224.89625,0.0,0.0,0.0,0,278
208,49,F,Widowed,Low,24,Online Banking,2,436.89,218.445,0.0,0.0,0.0,0,211
209,31,F,Divorced,High,12,Mobile App,4,1328.06,332.015,0.0,0.0,0.0,0,80
210,25,M,Married,High,29,Online Banking,7,1727.27,246.75285714285715,0.0,0.0,0.0,0,160
211,42,M,Divorced,Medium,35,Online Banking,6,1222.21,203.70166666666668,0.0,0.0,0.0,0,303
212,33,F,Married,Medium,37,Website,7,1047.61,149.6585714285714,1.0,0.0,0.0,0,200
213,59,F,Widowed,Medium,30,Website,7,2092.89,298.9842857142857,1.0,1.0,0.0,1,311
214,36,F,Divorced,Low,41,Online Banking,2,734.1,367.05,0.0,0.0,0.0,0,59
215,58,F,Divorced,Medium,42,Online Banking,6,1343.7,223.95000000000002,2.0,1.0,2.0,0,54
216,33,F,Widowed,High,35,Mobile App,5,1570.8600000000001,314.172,2.0,0.0,0.0,0,116
217,29,M,Married,Low,1,Online Banking,8,2576.78,322.0975,1.0,0.0,1.0,1,139
218,56,F,Married,High,40,Mobile App,7,1766.57,252.36714285714285,0.0,0.0,0.0,0,202
219,65,M,Single,Low,26,Online Banking,4,1624.32,406.08,0.0,0.0,0.0,0,166
220,47,M,Single,High,35,Online Banking,3,1030.46,343.4866666666667,0.0,0.0,0.0,0,49
221,19,F,Single,Low,42,Mobile App,4,1277.29,319.3225,1.0,1.0,0.0,1,198
222,49,M,Divorced,High,7,Website,7,1702.45,243.20714285714286,0.0,0.0,0.0,0,211
223,62,F,Divorced,Medium,4,Online Banking,6,1736.26,289.37666666666667,1.0,0.0,0.0,0,162
224,42,M,Divorced,Low,5,Website,8,2520.32,315.04,0.0,0.0,0.0,0,229
225,42,M,Widowed,High,39,Online Banking,8,2650.29,331.28625,2.0,0.0,1.0,0,169
226,21,F,Single,High,11,Mobile App,7,1461.18,208.74,1.0,0.0,1.0,0,296
227,36,M,Widowed,High,15,Online Banking,7,1250.35,178.62142857142857,0.0,0.0,0.0,1,53
228,65,F,Single,High,32,Website,6,2185.36,364.2266666666667,2.0,0.0,1.0,0,76
229,21,F,Single,Medium,37,Website,9,2559.03,284.3366666666667,1.0,0.0,1.0,0,8
230,60,F,Divorced,Medium,9,Online Banking,6,1468.07,244.6783333333333,2.0,2.0,1.0,1,118
231,30,F,Married,Low,47,Online Banking,4,1353.42,338.355,0.0,0.0,0.0,1,314
232,56,F,Single,Low,32,Online Banking,8,2082.19,260.27375,2.0,0.0,2.0,0,114
233,53,F,Married,High,33,Website,3,817.4200000000001,272.47333333333336,2.0,0.0,0.0,0,104
234,40,M,Widowed,Low,23,Online Banking,8,1576.7,197.0875,0.0,0.0,0.0,1,195
235,23,M,Divorced,High,15,Mobile App,3,770.5,256.8333333333333,2.0,0.0,2.0,0,3
236,41,F,Single,Low,30,Online Banking,6,1482.99,247.165,2.0,1.0,0.0,1,97
237,61,M,Divorced,Low,16,Online Banking,1,398.99,398.99,0.0,0.0,0.0,1,352
238,50,M,Widowed,High,22,Mobile App,3,762.4399999999999,254.14666666666665,1.0,0.0,1.0,1,102
239,29,F,Married,Medium,43,Mobile App,9,2654.84,294.9822222222222,1.0,1.0,1.0,1,83
240,58,M,Divorced,High,30,Online Banking,2,859.47,429.735,1.0,1.0,0.0,0,157
241,38,F,Divorced,Medium,1,Mobile App,9,2185.9300000000003,242.88111111111115,1.0,1.0,0.0,0,12
242,28,F,Single,Low,35,Online Banking,3,726.73,242.24333333333334,2.0,1.0,1.0,1,318
243,61,M,Married,Medium,18,Website,9,2362.18,262.46444444444444,1.0,0.0,1.0,0,22
244,55,F,Widowed,High,15,Online Banking,7,1649.9,235.70000000000002,2.0,2.0,2.0,0,193
245,46,F,Single,Low,21,Online Banking,9,2965.09,329.45444444444445,0.0,0.0,0.0,0,227
246,65,F,Divorced,Medium,40,Mobile App,4,1171.1399999999999,292.78499999999997,1.0,0.0,0.0,0,282
247,58,F,Divorced,Medium,2,Online Banking,7,1887.6799999999998,269.6685714285714,2.0,1.0,0.0,0,7
248,20,M,Married,High,30,Online Banking,5,1519.1399999999999,303.828,1.0,1.0,1.0,1,127
249,45,F,Widowed,Low,40,Website,1,356.39,356.39,1.0,1.0,1.0,0,328
250,37,M,Widowed,Low,32,Website,7,1607.36,229.62285714285713,1.0,0.0,0.0,0,356
251,43,F,Divorced,Medium,28,Website,7,1968.79,281.2557142857143,1.0,1.0,0.0,1,282
252,41,M,Widowed,Medium,11,Online Banking,4,980.71,245.1775,0.0,0.0,0.0,1,142
253,69,M,Single,Medium,7,Online Banking,5,1319.11,263.822,1.0,1.0,0.0,0,28
254,64,F,Married,Low,1,Mobile App,9,2220.26,246.6955555555556,2.0,1.0,1.0,1,128
255,38,M,Divorced,Medium,43,Mobile App,7,2672.69,381.8128571428571,1.0,1.0,1.0,0,197
256,47,F,Widowed,Medium,28,Mobile App,1,208.67,208.67,2.0,0.0,1.0,0,127
257,21,F,Widowed,Low,39,Website,1,92.62,92.62,1.0,0.0,0.0,0,334
258,53,M,Single,Low,19,Mobile App,4,832.85,208.2125,2.0,1.0,1.0,0,197
259,57,M,Widowed,High,39,Online Banking,6,1469.67,244.94500000000002,1.0,0.0,0.0,0,290
260,27,M,Single,Low,32,Website,8,2395.72,299.465,1.0,0.0,0.0,1,129
261,27,M,Married,Low,49,Online Banking,1,489.07,489.07,1.0,1.0,1.0,1,216
262,59,F,Divorced,High,30,Website,9,2940.59,326.7322222222222,2.0,0.0,2.0,1,330
263,41,M,Single,Low,2,Website,1,13.04,13.04,2.0,1.0,0.0,0,3
264,21,F,Widowed,High,44,Online Banking,2,525.02,262.51,1.0,0.0,0.0,0,298
265,64,M,Widowed,Low,43,Online Banking,5,1511.8700000000001,302.374,0.0,0.0,0.0,0,269
266,44,M,Married,High,37,Online Banking,1,459.39,459.39,1.0,0.0,0.0,0,358
267,68,F,Single,Medium,19,Online Banking,3,461.36,153.78666666666666,1.0,0.0,1.0,0,37
268,62,M,Divorced,Medium,26,Mobile App,5,1096.16,219.23200000000003,0.0,0.0,0.0,0,12
269,21,F,Widowed,Medium,1,Mobile App,9,2123.87,235.98555555555555,2.0,0.0,1.0,0,198
270,49,M,Single,High,42,Mobile App,3,734.74,244.91333333333333,1.0,0.0,1.0,0,263
271,27,M,Widowed,Medium,28,Online Banking,3,865.97,288.6566666666667,0.0,0.0,0.0,1,64
272,28,F,Divorced,Low,26,Online Banking,8,1170.04,146.255,2.0,0.0,2.0,1,168
273,45,F,Single,High,40,Mobile App,7,1562.83,223.26142857142855,0.0,0.0,0.0,0,123
274,63,F,Widowed,Low,35,Online Banking,4,1117.33,279.3325,1.0,0.0,1.0,0,341
275,25,F,Divorced,Low,3,Website,3,605.79,201.92999999999998,2.0,0.0,1.0,0,199
276,57,F,Single,Low,26,Online Banking,7,2069.7,295.6714285714285,0.0,0.0,0.0,1,212
277,39,F,Single,High,33,Mobile App,6,1217.78,202.96333333333334,0.0,0.0,0.0,0,178
278,51,F,Married,Low,22,Online Banking,5,1423.1,284.62,1.0,0.0,1.0,0,312
279,62,M,Divorced,Medium,6,Mobile App,4,1209.94,302.485,1.0,0.0,0.0,0,263
280,52,F,Single,High,42,Online Banking,4,836.33,209.0825,2.0,1.0,1.0,0,42
281,52,M,Married,Medium,34,Online Banking,8,1563.95,195.49375,1.0,0.0,0.0,0,16
282,42,M,Single,High,3,Online Banking,5,2016.68,403.336,1.0,0.0,0.0,1,162
283,51,F,Widowed,Low,17,Online Banking,5,1362.8600000000001,272.572,0.0,0.0,0.0,1,102
284,23,M,Married,Medium,6,Mobile App,6,1683.1299999999999,280.52166666666665,0.0,0.0,0.0,0,230
285,58,M,Single,High,42,Mobile App,5,1026.5900000000001,205.31800000000004,0.0,0.0,0.0,0,122
286,54,F,Widowed,Low,5,Website,2,512.1899999999999,256.09499999999997,2.0,0.0,1.0,1,272
287,18,M,Widowed,Low,20,Website,2,615.0699999999999,307.53499999999997,2.0,0.0,1.0,0,204
288,29,F,Widowed,High,1,Website,8,2217.85,277.23125,2.0,1.0,2.0,0,285
289,52,M,Married,High,24,Mobile App,1,30.48,30.48,0.0,0.0,0.0,0,47
290,23,M,Widowed,High,9,Mobile App,1,403.33,403.33,1.0,0.0,1.0,0,107
291,34,F,Divorced,High,15,Website,6,1572.74,262.12333333333333,2.0,1.0,2.0,0,96
292,26,M,Single,Medium,37,Website,8,2429.7,303.7125,2.0,0.0,1.0,0,25
293,19,M,Divorced,High,18,Mobile App,1,209.68,209.68,0.0,0.0,0.0,0,339
294,35,F,Widowed,Low,22,Online Banking,6,1882.08,313.68,1.0,0.0,0.0,0,287
295,66,F,Widowed,Medium,11,Website,3,960.99,320.33,0.0,0.0,0.0,0,297
296,53,M,Divorced,Low,38,Mobile App,1,261.24,261.24,1.0,0.0,1.0,0,30
297,45,M,Married,Low,3,Mobile App,8,1714.0900000000001,214.26125000000002,0.0,0.0,0.0,0,86
298,58,F,Widowed,High,29,Website,6,1305.25,217.54166666666666,1.0,0.0,1.0,0,130
299,54,M,Widowed,Medium,46,Mobile App,1,9.8,9.8,2.0,0.0,1.0,0,57
300,66,F,Divorced,High,32,Website,4,926.5300000000001,231.63250000000002,2.0,0.0,0.0,0,77
301,43,F,Widowed,Low,34,Online Banking,6,1298.95,216.49166666666667,1.0,0.0,0.0,0,90
302,21,M,Widowed,High,8,Website,4,925.58,231.395,2.0,0.0,0.0,0,316
303,57,F,Married,High,34,Online Banking,3,948.96,316.32,1.0,1.0,0.0,0,225
304,53,F,Married,High,5,Online Banking,3,695.73,231.91,1.0,0.0,1.0,0,247
305,68,M,Married,High,9,Mobile App,1,288.26,288.26,0.0,0.0,0.0,0,169
306,48,F,Married,High,17,Mobile App,9,2285.6,253.95555555555555,0.0,0.0,0.0,0,242
307,47,M,Married,High,20,Mobile App,4,1416.68,354.17,1.0,1.0,0.0,0,57
308,67,M,Widowed,Medium,42,Mobile App,7,1791.69,255.9557142857143,0.0,0.0,0.0,0,69
309,51,M,Single,High,27,Online Banking,5,1400.5,280.1,1.0,0.0,0.0,0,259
310,36,F,Widowed,Medium,5,Online Banking,4,1058.14,264.535,0.0,0.0,0.0,0,179
311,35,M,Widowed,High,46,Mobile App,5,592.9,118.58,2.0,2.0,0.0,1,177
312,47,M,Single,Medium,29,Website,2,283.16,141.58,2.0,0.0,2.0,0,191
313,38,M,Divorced,Low,11,Online Banking,1,34.91,34.91,0.0,0.0,0.0,0,195
314,20,M,Single,Medium,26,Mobile App,2,536.29,268.145,1.0,0.0,1.0,0,285
315,23,F,Married,Medium,23,Mobile App,2,601.31,300.655,1.0,1.0,1.0,1,83
316,55,F,Widowed,Low,18,Mobile App,8,649.71,81.21375,0.0,0.0,0.0,0,337
317,30,M,Married,High,20,Website,3,467.83,155.94333333333333,2.0,2.0,2.0,0,212
318,62,F,Single,High,44,Website,8,2145.44,268.18,0.0,0.0,0.0,0,111
319,20,F,Divorced,Medium,21,Online Banking,1,477.46,477.46,0.0,0.0,0.0,0,294
320,65,F,Divorced,High,26,Online Banking,2,823.75,411.875,2.0,1.0,1.0,0,323
321,45,M,Widowed,High,32,Online Banking,9,2007.24,223.02666666666667,2.0,1.0,1.0,0,62
322,39,F,Single,Low,1,Online Banking,1,61.98,61.98,2.0,0.0,2.0,0,41
323,57,F,Married,High,2,Website,4,839.3,209.825,1.0,0.0,0.0,1,296
324,57,F,Married,High,4,Mobile App,6,1369.7,228.28333333333333,2.0,2.0,2.0,0,311
325,29,F,Divorced,Medium,41,Online Banking,2,553.79,276.895,2.0,2.0,2.0,0,92
326,40,F,Widowed,High,10,Website,3,605.89,201.96333333333334,0.0,0.0,0.0,0,280
327,48,M,Single,High,28,Website,2,403.37,201.685,2.0,1.0,1.0,0,126
328,35,F,Married,Medium,49,Mobile App,5,848.26,169.652,0.0,0.0,0.0,0,258
329,24,F,Divorced,Medium,37,Online Banking,8,2361.19,295.14875,1.0,0.0,1.0,0,140
330,25,M,Widowed,Medium,17,Mobile App,9,2582.54,286.94888888888886,0.0,0.0,0.0,0,104
331,36,M,Divorced,High,30,Website,5,908.3199999999999,181.664,2.0,1.0,1.0,0,363
332,46,M,Widowed,High,6,Website,5,1577.44,315.488,0.0,0.0,0.0,0,25
333,61,M,Single,High,11,Website,7,2439.39,348.4842857142857,2.0,1.0,1.0,0,18
334,37,F,Divorced,High,11,Online Banking,6,1719.37,286.56166666666667,1.0,1.0,0.0,0,347
335,67,F,Married,High,2,Mobile App,2,756.52,378.26,2.0,0.0,0.0,1,4
336,59,F,Widowed,High,20,Mobile App,1,135.94,135.94,0.0,0.0,0.0,0,340
337,47,F,Divorced,Medium,34,Website,2,608.06,304.03,0.0,0.0,0.0,0,127
338,64,F,Widowed,Medium,41,Mobile App,1,13.86,13.86,0.0,0.0,0.0,0,27
339,39,M,Divorced,High,1,Website,4,682.9399999999999,170.73499999999999,1.0,0.0,0.0,0,252
340,27,F,Divorced,Low,48,Mobile App,6,1147.08,191.17999999999998,1.0,1.0,1.0,0,101
341,43,M,Single,Medium,27,Online Banking,6,1022.86,170.47666666666666,1.0,0.0,0.0,0,179
342,68,M,Married,High,26,Online Banking,7,2295.76,327.96571428571434,1.0,0.0,0.0,1,90
343,50,M,Divorced,Medium,26,Online Banking,3,924.63,308.21,2.0,0.0,0.0,0,158
344,45,F,Single,Low,8,Mobile App,6,1466.6,244.4333333333333,2.0,1.0,1.0,0,187
345,27,F,Widowed,Medium,29,Online Banking,8,1980.5,247.5625,1.0,0.0,0.0,0,114
346,46,M,Widowed,Medium,17,Online Banking,6,1641.62,273.6033333333333,1.0,0.0,1.0,0,358
347,61,M,Divorced,Medium,33,Mobile App,9,1974.45,219.38333333333333,2.0,1.0,1.0,0,164
348,35,M,Married,Medium,1,Online Banking,2,704.7,352.35,1.0,1.0,0.0,0,31
349,59,M,Widowed,High,24,Mobile App,6,1376.54,229.42333333333332,2.0,2.0,0.0,0,133
350,18,M,Divorced,Low,25,Online Banking,9,2702.27,300.2522222222222,1.0,1.0,1.0,0,252
351,40,M,Widowed,High,1,Mobile App,2,588.68,294.34,1.0,1.0,1.0,1,161
352,34,F,Single,Medium,26,Website,5,1493.9,298.78000000000003,2.0,2.0,1.0,0,120
353,60,M,Divorced,Medium,16,Online Banking,1,266.08,266.08,2.0,0.0,1.0,1,287
354,54,M,Divorced,Medium,49,Online Banking,3,324.4,108.13333333333333,1.0,0.0,1.0,0,171
355,48,M,Divorced,Low,33,Website,1,368.57,368.57,2.0,1.0,1.0,0,359
356,42,M,Single,Low,28,Mobile App,8,2316.37,289.54625,0.0,0.0,0.0,0,169
357,21,M,Divorced,High,45,Online Banking,4,780.1800000000001,195.04500000000002,2.0,0.0,1.0,0,112
358,69,F,Divorced,Medium,24,Mobile App,9,2282.8900000000003,253.6544444444445,1.0,1.0,1.0,1,348
359,26,M,Single,Low,36,Website,8,2154.17,269.27125,1.0,1.0,0.0,0,242
360,45,F,Widowed,Medium,14,Online Banking,8,1731.26,216.4075,2.0,1.0,0.0,0,280
361,47,M,Single,High,49,Mobile App,9,2348.41,260.9344444444444,0.0,0.0,0.0,0,256
362,64,M,Married,High,5,Mobile App,2,469.14,234.57,2.0,1.0,1.0,1,139
363,41,F,Single,Low,27,Online Banking,9,1514.16,168.24,1.0,1.0,0.0,0,364
364,50,M,Widowed,High,14,Mobile App,1,286.8,286.8,2.0,0.0,0.0,0,125
365,37,F,Divorced,Low,24,Online Banking,8,1188.8400000000001,148.60500000000002,1.0,0.0,0.0,1,63
366,26,F,Divorced,Medium,46,Website,8,2518.16,314.77,0.0,0.0,0.0,0,349
367,25,F,Single,Low,28,Mobile App,7,2197.79,313.96999999999997,1.0,1.0,1.0,0,106
368,41,F,Married,High,8,Online Banking,6,1939.2,323.2,0.0,0.0,0.0,0,348
369,31,F,Single,Medium,35,Website,9,3352.34,372.4822222222222,1.0,0.0,1.0,0,327
370,35,F,Married,High,47,Online Banking,6,1239.81,206.635,2.0,0.0,1.0,0,192
371,18,M,Single,Medium,35,Website,5,1454.45,290.89,2.0,0.0,0.0,0,199
372,29,F,Married,Medium,23,Website,1,35.85,35.85,2.0,1.0,1.0,0,66
373,46,M,Married,Medium,13,Online Banking,2,267.09,133.545,1.0,1.0,1.0,0,235
374,54,M,Divorced,Medium,47,Online Banking,9,2143.59,238.17666666666668,0.0,0.0,0.0,0,6
375,43,F,Married,High,17,Website,1,133.2,133.2,1.0,0.0,1.0,0,122
376,50,F,Divorced,Low,31,Website,4,1143.8,285.95,1.0,1.0,0.0,0,306
377,60,F,Single,Medium,10,Online Banking,8,2366.3,295.7875,2.0,0.0,1.0,0,234
378,32,M,Single,High,36,Website,4,1333.6,333.4,2.0,1.0,1.0,0,131
379,40,F,Single,High,29,Online Banking,8,1582.08,197.76,1.0,1.0,0.0,0,160
380,46,F,Single,High,16,Mobile App,6,1172.66,195.44333333333336,0.0,0.0,0.0,0,204
381,38,M,Single,Low,33,Website,4,1087.62,271.905,1.0,0.0,0.0,1,166
382,36,F,Divorced,High,14,Mobile App,9,2467.11,274.12333333333333,1.0,0.0,0.0,0,305
383,22,M,Single,High,7,Online Banking,4,800.5600000000001,200.14000000000001,2.0,1.0,1.0,0,132
384,40,F,Married,Low,33,Website,2,339.16999999999996,169.58499999999998,2.0,1.0,1.0,0,5
385,53,M,Widowed,High,3,Mobile App,4,1338.28,334.57,0.0,0.0,0.0,1,129
386,37,F,Divorced,High,26,Website,4,773.11,193.2775,1.0,0.0,0.0,0,69
387,25,M,Married,Low,39,Website,1,47.52,47.52,2.0,1.0,2.0,0,62
388,26,F,Widowed,Low,5,Online Banking,8,1787.4199999999998,223.42749999999998,0.0,0.0,0.0,1,132
389,31,F,Widowed,Low,23,Online Banking,3,522.89,174.29666666666665,0.0,0.0,0.0,1,271
390,23,M,Divorced,Medium,33,Mobile App,1,281.95,281.95,0.0,0.0,0.0,0,316
391,18,F,Married,Low,30,Mobile App,7,1990.15,284.3071428571429,0.0,0.0,0.0,0,163
392,26,F,Widowed,Medium,33,Mobile App,7,1533.34,219.04857142857142,1.0,0.0,0.0,0,119
393,33,M,Widowed,Medium,43,Website,8,1960.83,245.10375,1.0,0.0,0.0,0,27
394,33,M,Divorced,Low,25,Online Banking,8,2346.48,293.31,2.0,1.0,1.0,0,173
395,29,F,Single,Medium,22,Online Banking,2,680.27,340.135,2.0,1.0,1.0,1,162
396,22,M,Widowed,High,1,Online Banking,3,865.73,288.57666666666665,2.0,2.0,2.0,1,238
397,57,F,Divorced,High,10,Online Banking,9,2322.98,258.1088888888889,0.0,0.0,0.0,0,235
398,46,F,Divorced,Low,23,Online Banking,6,1678.1200000000001,279.68666666666667,1.0,0.0,0.0,0,83
399,63,M,Married,Medium,33,Website,2,568.35,284.175,1.0,0.0,0.0,0,212
400,44,M,Divorced,High,39,Online Banking,8,2309.85,288.73125,0.0,0.0,0.0,0,287
401,28,F,Divorced,Medium,28,Website,4,1273.3600000000001,318.34000000000003,2.0,1.0,1.0,0,131
402,64,M,Single,Medium,43,Mobile App,2,609.5799999999999,304.78999999999996,2.0,0.0,1.0,1,142
403,67,F,Widowed,High,8,Online Banking,7,1645.76,235.10857142857142,2.0,1.0,0.0,0,123
404,45,M,Married,Low,27,Mobile App,9,2787.1,309.67777777777775,1.0,1.0,0.0,1,64
405,69,F,Divorced,Medium,5,Online Banking,3,508.49,169.49666666666667,0.0,0.0,0.0,0,309
406,53,F,Married,High,15,Website,8,2017.78,252.2225,2.0,2.0,1.0,0,2
407,59,F,Widowed,Low,48,Mobile App,9,2722.74,302.52666666666664,1.0,1.0,1.0,1,128
408,36,F,Divorced,Medium,22,Online Banking,7,2101.4,300.2,2.0,1.0,1.0,0,78
409,52,F,Divorced,Medium,35,Mobile App,9,1524.8400000000001,169.42666666666668,1.0,0.0,1.0,0,345
410,69,F,Married,Medium,30,Online Banking,6,1426.2,237.70000000000002,1.0,0.0,1.0,0,144
411,48,F,Single,Medium,48,Website,1,87.02,87.02,0.0,0.0,0.0,1,102
412,61,M,Widowed,Low,44,Website,1,184.86,184.86,0.0,0.0,0.0,0,0
413,36,M,Widowed,Medium,33,Website,5,1592.6100000000001,318.52200000000005,2.0,0.0,2.0,0,290
414,63,M,Widowed,High,30,Online Banking,7,1497.89,213.98428571428573,1.0,0.0,0.0,0,118
415,41,F,Divorced,High,36,Online Banking,1,354.64,354.64,1.0,0.0,0.0,0,196
416,19,M,Divorced,High,16,Online Banking,5,1442.26,288.452,2.0,1.0,2.0,0,252
417,24,M,Divorced,Low,38,Website,3,873.63,291.21,0.0,0.0,0.0,0,52
418,60,M,Married,High,23,Online Banking,3,1282.72,427.5733333333333,2.0,1.0,1.0,0,102
419,66,M,Widowed,Medium,37,Online Banking,5,1254.4299999999998,250.88599999999997,0.0,0.0,0.0,1,327
420,48,F,Widowed,Medium,37,Website,8,2140.54,267.5675,2.0,1.0,0.0,0,359
421,34,F,Widowed,High,28,Mobile App,2,594.4200000000001,297.21000000000004,1.0,1.0,1.0,0,15
422,44,M,Single,Low,14,Mobile App,7,1770.89,252.98428571428573,1.0,0.0,0.0,1,88
423,53,F,Divorced,Low,4,Mobile App,5,1329.4499999999998,265.89,0.0,0.0,0.0,0,271
424,67,F,Widowed,Medium,39,Website,7,965.41,137.91571428571427,1.0,0.0,1.0,0,98
425,60,F,Widowed,Medium,33,Website,9,1768.53,196.50333333333333,2.0,1.0,1.0,0,58
426,27,F,Divorced,High,31,Website,7,1465.9299999999998,209.4185714285714,0.0,0.0,0.0,0,112
427,62,F,Divorced,Low,13,Online Banking,3,521.56,173.85333333333332,2.0,0.0,0.0,0,139
428,31,M,Widowed,High,36,Mobile App,8,2414.15,301.76875,2.0,1.0,1.0,0,143
429,24,F,Married,Medium,10,Mobile App,5,1361.3899999999999,272.27799999999996,2.0,2.0,1.0,0,354
430,56,M,Married,Medium,47,Online Banking,1,148.98,148.98,2.0,0.0,1.0,0,182
431,57,F,Married,High,31,Website,2,233.87,116.935,1.0,0.0,0.0,0,219
432,26,M,Married,Low,26,Mobile App,7,1834.48,262.06857142857143,0.0,0.0,0.0,0,15
433,31,M,Single,Medium,14,Mobile App,5,1302.43,260.486,0.0,0.0,0.0,1,28
434,25,F,Married,Medium,4,Mobile App,1,41.19,41.19,2.0,0.0,1.0,0,52
435,34,M,Widowed,Low,33,Online Banking,1,488.45,488.45,1.0,1.0,0.0,0,288
436,40,F,Widowed,Medium,47,Website,3,543.99,181.33,2.0,0.0,1.0,0,104
437,33,M,Widowed,Low,13,Website,8,1698.21,212.27625,0.0,0.0,0.0,0,102
438,43,M,Married,Low,48,Website,7,2131.01,304.43,1.0,1.0,0.0,0,255
439,26,F,Divorced,Medium,41,Online Banking,7,1373.54,196.22,2.0,1.0,2.0,0,314
440,53,M,Widowed,High,34,Online Banking,8,1920.61,240.07625,2.0,0.0,1.0,0,315
441,24,F,Married,Medium,43,Mobile App,8,2560.36,320.045,1.0,1.0,1.0,1,64
442,35,M,Single,Medium,35,Mobile App,1,412.55,412.55,1.0,0.0,0.0,0,194
443,25,F,Single,Medium,28,Website,5,1115.64,223.12800000000001,0.0,0.0,0.0,0,206
444,38,M,Widowed,Medium,31,Mobile App,2,387.51,193.755,0.0,0.0,0.0,0,25
445,43,M,Divorced,High,30,Online Banking,5,1002.46,200.49200000000002,2.0,0.0,1.0,0,218
446,20,F,Single,High,32,Mobile App,6,1516.93,252.8216666666667,2.0,0.0,1.0,0,79
447,34,F,Married,High,13,Website,1,169.69,169.69,0.0,0.0,0.0,0,30
448,68,M,Married,Low,41,Mobile App,7,1461.03,208.71857142857144,0.0,0.0,0.0,0,114
449,63,F,Single,High,34,Mobile App,5,1460.65,292.13,2.0,1.0,2.0,0,234
450,41,M,Widowed,Low,8,Website,5,1527.63,305.526,0.0,0.0,0.0,1,114
451,42,M,Widowed,Medium,42,Mobile App,2,364.46,182.23,2.0,1.0,1.0,0,171
452,22,M,Single,High,25,Online Banking,8,2341.48,292.685,1.0,1.0,1.0,0,74
453,54,F,Married,High,33,Online Banking,1,346.54,346.54,0.0,0.0,0.0,0,255
454,62,F,Divorced,High,10,Online Banking,2,472.88,236.44,0.0,0.0,0.0,0,171
455,67,F,Married,High,40,Website,3,565.79,188.59666666666666,2.0,1.0,0.0,0,8
456,41,M,Divorced,High,34,Mobile App,9,2402.0,266.8888888888889,1.0,1.0,1.0,0,39
457,48,M,Divorced,Medium,44,Website,8,1730.33,216.29125,2.0,1.0,2.0,0,200
458,43,M,Single,High,33,Website,9,2767.15,307.4611111111111,0.0,0.0,0.0,0,355
459,38,F,Widowed,Low,5,Mobile App,1,62.87,62.87,1.0,0.0,1.0,0,293
460,51,M,Divorced,Low,45,Online Banking,1,336.72,336.72,2.0,0.0,2.0,0,310
461,55,F,Married,High,27,Online Banking,1,449.87,449.87,2.0,0.0,2.0,0,169
462,41,F,Widowed,Low,8,Online Banking,3,391.36,130.45333333333335,0.0,0.0,0.0,1,266
463,45,F,Widowed,High,7,Online Banking,7,1668.22,238.31714285714287,0.0,0.0,0.0,0,258
464,47,F,Married,Medium,22,Website,9,2166.33,240.70333333333332,0.0,0.0,0.0,0,20
465,51,F,Single,Low,46,Website,4,1217.08,304.27,0.0,0.0,0.0,0,47
466,69,M,Widowed,High,28,Online Banking,8,1918.1599999999999,239.76999999999998,0.0,0.0,0.0,1,189
467,69,M,Divorced,Low,9,Website,4,1104.21,276.0525,1.0,0.0,0.0,0,14
468,40,M,Married,High,31,Online Banking,4,818.31,204.5775,0.0,0.0,0.0,0,8
469,25,M,Divorced,Low,4,Mobile App,6,1626.7,271.1166666666667,2.0,0.0,2.0,1,68
470,59,F,Married,Medium,5,Website,6,1916.68,319.44666666666666,1.0,0.0,1.0,1,205
471,67,F,Married,Low,13,Mobile App,5,1109.17,221.834,2.0,1.0,1.0,0,355
472,27,F,Widowed,Low,6,Mobile App,9,2217.2799999999997,246.36444444444442,0.0,0.0,0.0,0,1
473,18,M,Married,Low,23,Online Banking,3,251.45999999999998,83.82,0.0,0.0,0.0,0,348
474,37,M,Widowed,Low,47,Online Banking,9,2460.07,273.3411111111111,2.0,1.0,1.0,0,291
475,54,F,Married,High,35,Mobile App,6,1635.1299999999999,272.52166666666665,1.0,1.0,0.0,0,237
476,35,M,Widowed,Medium,34,Mobile App,8,2145.93,268.24125,1.0,0.0,0.0,0,335
477,38,M,Widowed,Medium,38,Online Banking,6,806.96,134.49333333333334,0.0,0.0,0.0,0,41
478,66,M,Single,Low,34,Mobile App,5,1615.8400000000001,323.168,0.0,0.0,0.0,1,168
479,21,F,Widowed,Low,11,Website,5,1184.28,236.856,2.0,0.0,1.0,0,119
480,60,M,Widowed,Medium,6,Website,8,1351.01,168.87625,1.0,0.0,1.0,1,205
481,19,F,Widowed,Medium,32,Website,9,3386.04,376.2266666666667,1.0,0.0,0.0,0,165
482,38,M,Single,Medium,35,Website,9,2624.42,291.6022222222222,2.0,0.0,0.0,1,340
483,54,F,Divorced,Medium,34,Mobile App,6,1262.48,210.41333333333333,1.0,0.0,1.0,0,283
484,22,M,Divorced,Low,43,Mobile App,7,988.39,141.19857142857143,0.0,0.0,0.0,0,262
485,34,M,Single,Medium,28,Mobile App,7,2129.71,304.2442857142857,1.0,0.0,0.0,0,107
486,66,F,Widowed,Low,5,Online Banking,4,758.73,189.6825,2.0,1.0,1.0,0,135
487,65,F,Widowed,Low,34,Mobile App,7,1624.23,232.03285714285715,2.0,0.0,1.0,0,81
488,28,F,Married,Medium,33,Mobile App,1,393.84,393.84,0.0,0.0,0.0,1,200
489,63,M,Divorced,High,12,Online Banking,6,1101.11,183.51833333333332,0.0,0.0,0.0,0,38
490,58,F,Widowed,Low,40,Online Banking,7,2063.08,294.7257142857143,2.0,0.0,1.0,0,306
491,48,M,Widowed,Medium,44,Website,6,1483.12,247.18666666666664,1.0,0.0,0.0,1,31
492,45,F,Divorced,Low,38,Online Banking,5,1491.8,298.36,0.0,0.0,0.0,0,359
493,61,M,Widowed,High,44,Online Banking,4,976.0,244.0,0.0,0.0,0.0,0,124
494,49,M,Single,Medium,12,Mobile App,1,269.73,269.73,1.0,1.0,0.0,0,84
495,38,M,Widowed,Low,37,Online Banking,6,1738.1399999999999,289.69,1.0,0.0,1.0,0,358
496,24,F,Widowed,High,1,Website,2,216.79,108.395,1.0,0.0,0.0,0,2
497,27,M,Divorced,High,40,Mobile App,6,1554.77,259.12833333333333,2.0,2.0,2.0,0,123
498,45,F,Single,Low,5,Website,2,763.91,381.955,0.0,0.0,0.0,1,186
499,65,M,Married,Medium,2,Mobile App,2,458.77,229.385,1.0,1.0,0.0,0,31
500,53,M,Divorced,Medium,46,Online Banking,9,2429.2200000000003,269.91333333333336,0.0,0.0,0.0,0,39
501,37,M,Married,Low,25,Online Banking,8,1317.1799999999998,164.64749999999998,0.0,0.0,0.0,0,260
502,30,M,Married,High,38,Mobile App,4,703.3299999999999,175.83249999999998,2.0,1.0,2.0,0,102
503,36,F,Single,High,25,Website,6,1336.58,222.76333333333332,0.0,0.0,0.0,0,24
504,67,M,Married,High,48,Mobile App,3,551.93,183.97666666666666,1.0,0.0,1.0,0,57
505,28,M,Single,High,22,Mobile App,7,2312.7,330.38571428571424,2.0,2.0,1.0,0,191
506,52,F,Widowed,Low,1,Online Banking,4,1009.74,252.435,2.0,1.0,2.0,1,143
507,51,M,Single,High,25,Online Banking,9,2325.03,258.3366666666667,2.0,1.0,1.0,1,77
508,61,F,Divorced,Low,33,Online Banking,5,1536.61,307.322,0.0,0.0,0.0,0,71
509,21,F,Married,Medium,22,Website,9,2446.54,271.8377777777778,1.0,0.0,1.0,1,145
510,30,M,Single,Medium,31,Mobile App,1,392.1,392.1,1.0,1.0,1.0,1,180
511,54,M,Divorced,High,19,Online Banking,9,2027.8799999999999,225.32,1.0,1.0,0.0,1,322
512,19,F,Single,High,48,Mobile App,5,1362.35,272.46999999999997,0.0,0.0,0.0,0,151
513,67,F,Married,High,18,Online Banking,1,172.81,172.81,0.0,0.0,0.0,0,196
514,18,F,Married,Medium,1,Mobile App,6,1606.29,267.715,0.0,0.0,0.0,0,161
515,57,F,Divorced,Low,19,Online Banking,6,1639.58,273.2633333333333,0.0,0.0,0.0,0,359
516,42,F,Divorced,Low,14,Mobile App,3,612.22,204.07333333333335,0.0,0.0,0.0,1,3
517,54,F,Divorced,Low,11,Online Banking,5,1073.98,214.796,0.0,0.0,0.0,0,354
518,53,F,Divorced,High,8,Mobile App,9,3078.6,342.06666666666666,2.0,0.0,1.0,1,97
519,23,F,Divorced,Low,18,Mobile App,9,1894.4,210.4888888888889,2.0,2.0,1.0,0,205
520,24,M,Married,High,9,Mobile App,5,1959.29,391.858,2.0,1.0,0.0,0,168
521,21,F,Widowed,Medium,43,Website,2,645.75,322.875,2.0,1.0,1.0,1,325
522,52,M,Divorced,Low,28,Website,9,2557.54,284.1711111111111,2.0,0.0,1.0,0,107
523,58,M,Widowed,High,11,Mobile App,9,2090.02,232.22444444444443,0.0,0.0,0.0,0,131
524,51,F,Divorced,Low,49,Online Banking,9,2565.36,285.04,1.0,0.0,1.0,0,62
525,46,F,Divorced,Medium,41,Website,4,462.44,115.61,1.0,0.0,1.0,0,24
526,22,M,Divorced,Low,30,Online Banking,4,446.32,111.58,1.0,0.0,0.0,0,320
527,44,M,Married,Low,44,Online Banking,3,343.51,114.50333333333333,0.0,0.0,0.0,0,3
528,50,F,Widowed,Medium,27,Online Banking,6,1353.55,225.59166666666667,1.0,0.0,0.0,0,229
529,63,F,Married,High,26,Online Banking,8,2333.7200000000003,291.71500000000003,1.0,0.0,1.0,0,227
530,69,F,Single,High,49,Mobile App,6,1311.6399999999999,218.60666666666665,0.0,0.0,0.0,1,25
531,27,F,Divorced,High,12,Online Banking,9,2008.12,223.12444444444444,1.0,1.0,1.0,1,52
532,23,M,Divorced,Low,38,Website,8,2372.58,296.5725,2.0,1.0,1.0,0,70
533,51,M,Widowed,Low,27,Mobile App,1,388.31,388.31,1.0,0.0,1.0,0,63
534,25,M,Married,High,37,Mobile App,3,536.31,178.76999999999998,2.0,1.0,2.0,0,137
535,48,M,Married,High,17,Mobile App,8,2145.98,268.2475,0.0,0.0,0.0,0,188
536,26,M,Married,Low,46,Mobile App,4,1639.36,409.84,1.0,0.0,1.0,0,51
537,38,M,Divorced,High,9,Online Banking,6,2067.57,344.595,0.0,0.0,0.0,1,218
538,25,M,Widowed,High,6,Online Banking,2,651.88,325.94,2.0,0.0,1.0,0,201
539,21,F,Single,Low,13,Mobile App,6,1286.35,214.39166666666665,2.0,0.0,1.0,0,100
540,39,F,Single,Medium,6,Online Banking,2,649.47,324.735,1.0,0.0,1.0,0,348
541,45,F,Married,Low,38,Mobile App,2,185.03,92.515,2.0,2.0,1.0,0,100
542,62,F,Widowed,High,4,Mobile App,3,344.77,114.92333333333333,0.0,0.0,0.0,0,177
543,21,M,Married,High,16,Online Banking,5,939.83,187.966,1.0,1.0,1.0,1,128
544,56,M,Married,Medium,36,Website,4,1099.45,274.8625,1.0,1.0,1.0,0,313
545,38,F,Married,Medium,43,Website,2,452.87,226.435,2.0,1.0,0.0,1,84
546,25,M,Single,Low,14,Online Banking,2,575.05,287.525,2.0,2.0,0.0,0,324
547,37,M,Single,Medium,29,Website,3,716.14,238.71333333333334,0.0,0.0,0.0,0,343
548,49,M,Married,High,24,Website,9,2116.14,235.12666666666667,0.0,0.0,0.0,0,32
549,18,M,Widowed,High,39,Mobile App,2,358.67,179.335,0.0,0.0,0.0,0,120
550,23,F,Single,High,39,Online Banking,8,2140.26,267.5325,2.0,1.0,1.0,0,1
551,45,F,Married,High,45,Mobile App,9,3027.91,336.4344444444444,2.0,1.0,2.0,0,362
552,61,F,Single,Medium,25,Website,3,1049.96,349.9866666666667,0.0,0.0,0.0,0,329
553,48,F,Divorced,High,46,Website,7,2125.61,303.65857142857146,0.0,0.0,0.0,0,37
554,27,M,Divorced,High,46,Mobile App,6,1822.54,303.75666666666666,1.0,0.0,0.0,0,97
555,37,F,Single,High,3,Website,2,393.99,196.995,0.0,0.0,0.0,0,52
556,25,M,Married,Low,42,Online Banking,7,2132.54,304.6485714285714,1.0,0.0,0.0,0,325
557,39,F,Single,Low,27,Online Banking,3,1179.98,393.32666666666665,2.0,0.0,1.0,0,29
558,55,M,Widowed,High,12,Online Banking,6,1722.97,287.1616666666667,0.0,0.0,0.0,0,68
559,46,F,Married,Medium,43,Website,7,2151.66,307.38,1.0,1.0,1.0,0,138
560,26,M,Married,Medium,2,Mobile App,2,203.34,101.67,0.0,0.0,0.0,1,11
561,61,M,Married,Low,38,Online Banking,6,1369.4,228.23333333333335,1.0,0.0,0.0,0,70
562,64,M,Married,Low,26,Online Banking,9,2160.95,240.10555555555553,0.0,0.0,0.0,1,232
563,18,M,Widowed,Medium,29,Mobile App,5,1090.13,218.026,0.0,0.0,0.0,0,202
564,58,M,Single,Low,45,Online Banking,7,1859.23,265.6042857142857,0.0,0.0,0.0,0,208
565,69,M,Single,Low,30,Website,6,2436.25,406.0416666666667,2.0,0.0,1.0,1,253
566,56,M,Divorced,High,38,Online Banking,7,1867.21,266.7442857142857,0.0,0.0,0.0,0,199
567,43,M,Married,Medium,41,Online Banking,1,472.36,472.36,0.0,0.0,0.0,0,34
568,28,M,Divorced,High,32,Online Banking,3,1051.21,350.40333333333336,1.0,0.0,0.0,0,137
569,69,F,Widowed,Low,38,Online Banking,6,1550.8500000000001,258.475,1.0,1.0,0.0,0,39
570,52,F,Single,Low,21,Mobile App,7,2358.04,336.86285714285714,2.0,1.0,1.0,0,149
571,41,F,Single,Low,8,Website,3,962.48,320.82666666666665,1.0,0.0,1.0,0,250
572,50,F,Married,Low,6,Website,2,538.06,269.03,0.0,0.0,0.0,0,339
573,37,F,Single,Medium,4,Website,5,1331.4,266.28000000000003,0.0,0.0,0.0,0,342
574,44,M,Widowed,Medium,17,Mobile App,9,2437.4,270.82222222222225,1.0,0.0,0.0,1,274
575,32,F,Widowed,Medium,21,Mobile App,9,1550.26,172.2511111111111,2.0,1.0,1.0,0,174
576,50,F,Married,Medium,4,Website,4,755.9300000000001,188.98250000000002,2.0,0.0,2.0,1,10
577,69,M,Divorced,High,35,Website,8,2373.23,296.65375,1.0,0.0,1.0,1,250
578,24,F,Married,High,30,Mobile App,3,715.6,238.53333333333333,1.0,1.0,0.0,0,252
579,51,F,Widowed,High,27,Online Banking,2,402.41,201.205,0.0,0.0,0.0,1,222
580,62,M,Single,Low,12,Website,2,232.75,116.375,2.0,1.0,1.0,0,30
581,68,F,Single,Medium,48,Mobile App,2,407.65999999999997,203.82999999999998,1.0,1.0,1.0,0,281
582,63,F,Single,Medium,20,Online Banking,7,1876.3600000000001,268.0514285714286,0.0,0.0,0.0,0,74
583,59,M,Widowed,Medium,40,Online Banking,4,783.96,195.99,0.0,0.0,0.0,0,319
584,22,M,Divorced,High,44,Online Banking,7,1677.08,239.58285714285714,2.0,1.0,1.0,0,54
585,47,M,Married,Low,41,Online Banking,6,1709.36,284.8933333333333,2.0,0.0,0.0,0,267
586,45,M,Divorced,Low,33,Online Banking,5,1667.53,333.506,1.0,0.0,1.0,1,47
587,35,F,Single,Low,10,Website,3,623.49,207.83,1.0,0.0,0.0,0,274
588,53,F,Married,High,5,Mobile App,8,1726.51,215.81375,2.0,1.0,1.0,1,40
589,20,F,Widowed,Medium,11,Mobile App,9,2356.94,261.88222222222225,2.0,1.0,1.0,1,255
590,38,M,Widowed,High,21,Mobile App,9,1383.59,153.73222222222222,0.0,0.0,0.0,0,78
591,63,F,Divorced,Medium,20,Online Banking,1,215.12,215.12,2.0,1.0,1.0,0,252
592,33,M,Married,Low,44,Mobile App,8,2642.14,330.2675,0.0,0.0,0.0,0,331
593,54,F,Single,Medium,9,Online Banking,9,2959.62,328.84666666666664,1.0,0.0,0.0,0,361
594,59,M,Divorced,Low,30,Mobile App,9,2544.69,282.74333333333334,2.0,0.0,1.0,0,205
595,22,F,Widowed,Low,48,Online Banking,8,2270.36,283.795,1.0,0.0,0.0,0,252
596,67,F,Married,Low,4,Mobile App,5,1346.76,269.352,0.0,0.0,0.0,0,207
597,68,M,Married,Medium,9,Website,7,1726.8999999999999,246.7,1.0,0.0,1.0,0,75
598,31,M,Widowed,High,40,Online Banking,7,1906.1000000000001,272.3,0.0,0.0,0.0,0,175
599,48,M,Single,Low,3,Website,9,2347.42,260.82444444444445,2.0,1.0,0.0,0,15
600,63,F,Single,Medium,38,Online Banking,4,865.0,216.25,1.0,0.0,1.0,0,39
601,41,F,Widowed,Low,25,Website,8,2473.79,309.22375,2.0,1.0,1.0,0,111
602,52,M,Widowed,Medium,37,Mobile App,9,1158.83,128.7588888888889,0.0,0.0,0.0,1,232
603,53,M,Single,High,30,Mobile App,5,1476.4,295.28000000000003,0.0,0.0,0.0,0,198
604,27,M,Divorced,Low,31,Website,3,437.92999999999995,145.97666666666666,2.0,1.0,1.0,0,239
605,44,M,Divorced,Low,17,Mobile App,4,1187.98,296.995,0.0,0.0,0.0,1,352
606,44,F,Married,Low,10,Website,1,271.99,271.99,0.0,0.0,0.0,0,89
607,40,M,Married,High,8,Mobile App,5,1489.51,297.902,1.0,1.0,1.0,1,349
608,30,M,Divorced,Medium,2,Mobile App,9,2463.96,273.7733333333333,1.0,1.0,1.0,0,351
609,33,F,Married,Low,32,Website,1,110.77,110.77,2.0,2.0,1.0,0,10
610,52,F,Divorced,Low,11,Mobile App,5,1504.22,300.844,0.0,0.0,0.0,0,24
611,44,M,Married,High,10,Online Banking,3,624.87,208.29,1.0,1.0,1.0,0,81
612,69,F,Divorced,Medium,41,Online Banking,7,1688.29,241.18428571428572,2.0,1.0,0.0,0,14
613,56,M,Married,High,32,Online Banking,3,612.18,204.05999999999997,0.0,0.0,0.0,0,127
614,64,F,Married,High,24,Mobile App,3,1239.16,413.05333333333334,1.0,0.0,0.0,1,281
615,34,F,Divorced,Low,7,Online Banking,3,481.67999999999995,160.55999999999997,2.0,0.0,1.0,0,142
616,65,M,Single,Medium,29,Online Banking,8,1674.35,209.29375,1.0,0.0,1.0,1,139
617,58,F,Divorced,Low,2,Online Banking,7,2146.58,306.6542857142857,0.0,0.0,0.0,1,343
618,18,M,Divorced,Low,16,Mobile App,7,1025.54,146.50571428571428,2.0,0.0,0.0,1,41
619,28,M,Widowed,High,31,Online Banking,1,244.19,244.19,1.0,0.0,1.0,1,248
620,29,F,Single,High,12,Online Banking,3,694.35,231.45000000000002,1.0,1.0,1.0,0,309
621,31,F,Married,Low,32,Online Banking,2,204.8,102.4,1.0,0.0,0.0,0,138
622,25,M,Single,High,47,Online Banking,5,754.54,150.908,1.0,0.0,1.0,0,91
623,48,F,Single,High,41,Online Banking,7,1074.25,153.46428571428572,2.0,0.0,2.0,0,263
624,24,F,Single,Medium,18,Website,4,934.44,233.61,0.0,0.0,0.0,0,42
625,63,F,Widowed,Low,3,Mobile App,9,2452.39,272.48777777777775,0.0,0.0,0.0,1,150
626,48,M,Widowed,Low,16,Website,8,2416.9,302.1125,0.0,0.0,0.0,0,307
627,33,F,Married,Medium,49,Website,6,1929.48,321.58,1.0,0.0,0.0,1,45
628,59,F,Divorced,High,42,Website,1,67.65,67.65,1.0,0.0,0.0,0,349
629,56,M,Single,Medium,18,Online Banking,3,657.3699999999999,219.1233333333333,2.0,0.0,1.0,0,358
630,61,F,Married,Medium,44,Website,2,942.44,471.22,1.0,0.0,1.0,1,136
631,36,M,Married,Medium,15,Website,1,238.83,238.83,2.0,1.0,1.0,0,161
632,25,M,Widowed,High,41,Online Banking,6,1060.8600000000001,176.81000000000003,1.0,0.0,1.0,0,33
633,46,M,Divorced,Medium,37,Online Banking,8,1985.72,248.215,2.0,0.0,2.0,0,57
634,19,M,Divorced,Low,23,Mobile App,4,1053.54,263.385,2.0,1.0,2.0,0,254
635,59,F,Widowed,High,26,Online Banking,5,1574.74,314.948,1.0,0.0,1.0,0,21
636,20,M,Single,Medium,7,Online Banking,5,1041.72,208.344,2.0,0.0,1.0,0,95
637,68,M,Widowed,Medium,48,Online Banking,8,1629.96,203.745,1.0,0.0,0.0,0,249
638,46,M,Married,Medium,21,Website,2,194.63,97.315,0.0,0.0,0.0,0,245
639,32,F,Widowed,Medium,29,Website,8,1874.22,234.2775,1.0,0.0,1.0,0,276
640,55,M,Divorced,Medium,45,Website,8,2408.65,301.08125,2.0,1.0,1.0,0,37
641,45,M,Single,Medium,7,Online Banking,9,1717.5700000000002,190.84111111111113,2.0,1.0,1.0,1,199
642,54,M,Married,Low,6,Online Banking,6,1587.38,264.56333333333333,1.0,1.0,1.0,0,138
643,49,M,Married,High,27,Online Banking,7,1060.42,151.48857142857145,0.0,0.0,0.0,1,105
644,47,M,Divorced,Low,43,Mobile App,2,266.05,133.025,1.0,0.0,0.0,1,111
645,68,M,Widowed,Medium,46,Website,1,328.56,328.56,2.0,0.0,1.0,0,186
646,64,M,Married,Medium,17,Website,1,163.69,163.69,0.0,0.0,0.0,1,311
647,47,M,Widowed,Medium,24,Mobile App,1,12.46,12.46,2.0,1.0,1.0,0,295
648,68,M,Married,Low,28,Website,3,1028.17,342.72333333333336,1.0,0.0,0.0,0,142
649,51,M,Divorced,Medium,26,Website,4,759.5699999999999,189.89249999999998,1.0,0.0,1.0,0,183
650,30,M,Married,Low,38,Online Banking,2,499.67,249.835,1.0,1.0,0.0,1,123
651,50,M,Married,High,26,Online Banking,7,1467.02,209.5742857142857,0.0,0.0,0.0,0,228
652,59,F,Single,Low,40,Website,5,1245.86,249.17199999999997,2.0,1.0,2.0,0,227
653,34,F,Married,Low,1,Mobile App,1,392.17,392.17,1.0,0.0,0.0,0,276
654,20,M,Divorced,High,19,Mobile App,9,1437.17,159.68555555555557,1.0,0.0,0.0,0,315
655,26,F,Married,Medium,26,Mobile App,9,2097.25,233.02777777777777,2.0,1.0,2.0,0,334
656,69,F,Divorced,Low,35,Mobile App,7,1567.52,223.93142857142857,0.0,0.0,0.0,0,174
657,28,F,Widowed,High,16,Online Banking,5,1135.3,227.06,1.0,0.0,0.0,1,24
658,66,M,Divorced,Low,13,Mobile App,6,1132.79,188.79833333333332,1.0,0.0,1.0,1,189
659,44,F,Widowed,Low,10,Website,6,1658.16,276.36,2.0,1.0,1.0,0,97
660,45,F,Married,High,8,Mobile App,8,2676.26,334.5325,2.0,1.0,1.0,0,140
661,19,M,Divorced,Low,27,Mobile App,8,1579.69,197.46125,0.0,0.0,0.0,0,80
662,18,F,Single,High,26,Mobile App,4,758.41,189.6025,0.0,0.0,0.0,0,121
663,23,F,Divorced,Low,3,Mobile App,6,1160.99,193.49833333333333,1.0,1.0,1.0,0,263
664,42,F,Widowed,Medium,45,Online Banking,6,1972.94,328.8233333333333,1.0,1.0,1.0,0,129
665,52,F,Widowed,High,36,Online Banking,5,1405.19,281.038,1.0,1.0,1.0,0,199
666,33,M,Single,Medium,41,Online Banking,1,474.38,474.38,0.0,0.0,0.0,0,70
667,21,F,Divorced,Low,8,Online Banking,6,1442.15,240.35833333333335,1.0,0.0,0.0,0,73
668,64,M,Married,Medium,32,Website,7,1668.59,238.36999999999998,1.0,0.0,1.0,0,211
669,55,F,Divorced,High,19,Website,8,2232.41,279.05125,2.0,1.0,1.0,0,55
670,61,F,Divorced,Low,12,Online Banking,1,143.34,143.34,0.0,0.0,0.0,0,273
671,37,F,Divorced,High,45,Online Banking,9,2587.47,287.49666666666667,1.0,1.0,0.0,0,306
672,42,F,Single,Low,45,Mobile App,1,77.31,77.31,2.0,0.0,0.0,0,274
673,24,F,Single,Medium,13,Mobile App,8,1779.5,222.4375,2.0,1.0,0.0,0,182
674,38,M,Single,Medium,44,Online Banking,9,2314.49,257.16555555555556,2.0,1.0,1.0,1,342
675,24,M,Single,High,48,Online Banking,9,2461.3,273.4777777777778,2.0,0.0,0.0,0,207
676,46,M,Single,High,45,Mobile App,5,923.55,184.70999999999998,0.0,0.0,0.0,0,45
677,69,F,Married,Low,7,Website,1,308.82,308.82,2.0,2.0,1.0,1,179
678,24,M,Divorced,High,47,Online Banking,4,864.3,216.075,1.0,1.0,0.0,0,253
679,20,F,Divorced,High,47,Website,7,1700.3,242.9,2.0,0.0,1.0,0,122
680,46,M,Married,Medium,16,Website,9,2490.85,276.7611111111111,0.0,0.0,0.0,0,7
681,46,M,Married,High,32,Mobile App,4,1463.19,365.7975,0.0,0.0,0.0,0,192
682,56,M,Married,High,9,Mobile App,5,1084.11,216.82199999999997,1.0,0.0,0.0,1,108
683,55,F,Married,Low,26,Online Banking,5,1383.28,276.656,2.0,0.0,1.0,0,134
684,23,M,Single,Medium,48,Mobile App,5,1240.94,248.18800000000002,1.0,0.0,0.0,0,160
685,63,F,Divorced,Medium,40,Website,2,534.74,267.37,0.0,0.0,0.0,1,157
686,27,M,Married,Low,47,Website,4,1019.6700000000001,254.91750000000002,0.0,0.0,0.0,0,155
687,54,F,Widowed,Medium,20,Online Banking,9,1446.69,160.74333333333334,1.0,0.0,0.0,0,37
688,31,F,Married,Low,6,Website,9,2281.4700000000003,253.4966666666667,2.0,0.0,1.0,0,87
689,39,F,Divorced,Low,11,Mobile App,4,897.51,224.3775,0.0,0.0,0.0,0,341
690,49,F,Widowed,High,29,Online Banking,3,638.06,212.68666666666664,0.0,0.0,0.0,0,9
691,35,F,Married,High,7,Mobile App,2,683.19,341.595,0.0,0.0,0.0,1,354
692,53,F,Single,Low,29,Website,5,1421.26,284.252,0.0,0.0,0.0,0,190
693,63,F,Single,High,43,Mobile App,8,2154.62,269.3275,1.0,1.0,0.0,0,91
694,69,F,Widowed,High,4,Online Banking,7,1500.44,214.34857142857143,0.0,0.0,0.0,0,353
695,26,F,Single,Medium,24,Mobile App,9,2615.4300000000003,290.60333333333335,2.0,0.0,1.0,1,325
696,43,F,Widowed,Medium,3,Website,1,55.77,55.77,1.0,1.0,1.0,1,324
697,39,M,Married,High,12,Online Banking,2,489.1,244.55,0.0,0.0,0.0,0,173
698,63,F,Divorced,Low,35,Website,2,273.02,136.51,0.0,0.0,0.0,0,181
699,55,M,Widowed,Low,8,Mobile App,4,994.16,248.54,0.0,0.0,0.0,1,320
700,40,M,Married,High,38,Online Banking,8,2810.28,351.285,2.0,0.0,1.0,0,13
701,34,F,Widowed,High,41,Online Banking,9,2395.1,266.1222222222222,0.0,0.0,0.0,0,347
702,43,M,Divorced,Low,38,Mobile App,5,681.77,136.35399999999998,0.0,0.0,0.0,1,0
703,64,F,Single,Medium,15,Mobile App,7,1289.55,184.22142857142856,2.0,1.0,0.0,0,106
704,55,F,Single,Medium,5,Website,3,948.6800000000001,316.2266666666667,0.0,0.0,0.0,0,58
705,19,M,Widowed,Low,40,Website,7,1783.47,254.78142857142856,2.0,0.0,2.0,0,229
706,23,F,Divorced,High,16,Online Banking,1,104.0,104.0,1.0,0.0,1.0,0,279
707,24,M,Married,Medium,46,Online Banking,1,35.24,35.24,1.0,0.0,1.0,0,363
708,30,M,Married,Low,28,Website,3,807.48,269.16,1.0,0.0,1.0,0,93
709,44,M,Married,High,13,Mobile App,1,346.94,346.94,0.0,0.0,0.0,0,163
710,28,M,Widowed,High,41,Website,6,1373.66,228.94333333333336,0.0,0.0,0.0,0,246
711,32,F,Single,Medium,11,Website,1,391.99,391.99,1.0,1.0,1.0,0,308
712,26,F,Widowed,High,37,Mobile App,5,1159.3899999999999,231.878,2.0,0.0,0.0,0,31
713,25,F,Widowed,Low,3,Website,8,1792.54,224.0675,1.0,0.0,0.0,0,294
714,63,M,Widowed,Low,8,Mobile App,8,1170.32,146.29,0.0,0.0,0.0,0,114
715,23,F,Married,Low,38,Online Banking,2,555.91,277.955,1.0,0.0,1.0,0,212
716,65,M,Divorced,Low,47,Mobile App,9,3220.3,357.81111111111113,2.0,0.0,1.0,1,354
717,60,M,Widowed,High,34,Website,7,1950.63,278.6614285714286,2.0,0.0,2.0,0,242
718,21,M,Married,Low,38,Mobile App,6,1845.21,307.535,1.0,0.0,1.0,0,172
719,28,M,Widowed,Medium,42,Online Banking,2,434.86,217.43,0.0,0.0,0.0,0,15
720,68,M,Widowed,High,24,Website,6,1551.13,258.5216666666667,2.0,0.0,1.0,0,335
721,45,M,Married,High,18,Website,5,921.3299999999999,184.266,0.0,0.0,0.0,0,247
722,43,F,Divorced,High,25,Website,3,814.74,271.58,1.0,0.0,1.0,0,272
723,21,F,Divorced,Low,13,Website,7,2143.56,306.22285714285715,2.0,0.0,0.0,0,212
724,32,F,Single,High,39,Website,2,477.73,238.865,1.0,0.0,1.0,0,68
725,36,M,Widowed,Low,22,Mobile App,2,627.29,313.645,0.0,0.0,0.0,0,78
726,23,M,Single,Low,30,Online Banking,8,2048.2,256.025,1.0,1.0,0.0,0,124
727,22,F,Married,High,30,Mobile App,6,1252.1,208.6833333333333,0.0,0.0,0.0,0,140
728,35,F,Widowed,High,37,Website,5,1552.44,310.488,1.0,1.0,1.0,0,240
729,23,F,Married,Low,45,Mobile App,2,161.07,80.535,1.0,0.0,0.0,0,325
730,48,M,Single,High,43,Website,6,1247.79,207.965,1.0,0.0,0.0,0,11
731,42,F,Married,High,15,Online Banking,8,1559.5,194.9375,0.0,0.0,0.0,0,11
732,21,F,Married,Low,35,Mobile App,9,1865.72,207.3022222222222,1.0,0.0,1.0,0,15
733,23,M,Divorced,Low,6,Online Banking,3,681.14,227.04666666666665,2.0,0.0,2.0,1,350
734,58,M,Widowed,High,11,Mobile App,5,1047.12,209.42399999999998,2.0,1.0,1.0,0,118
735,54,F,Widowed,Low,28,Website,8,2165.4900000000002,270.68625000000003,2.0,0.0,1.0,0,87
736,67,F,Widowed,Low,30,Website,3,576.3,192.1,1.0,1.0,1.0,0,303
737,42,M,Married,Medium,16,Mobile App,9,2132.05,236.89444444444447,2.0,0.0,1.0,0,232
738,51,M,Divorced,High,28,Mobile App,3,675.36,225.12,2.0,2.0,2.0,0,220
739,36,M,Single,High,25,Online Banking,2,338.96999999999997,169.48499999999999,0.0,0.0,0.0,0,85
740,51,M,Widowed,High,48,Online Banking,9,2094.81,232.75666666666666,1.0,1.0,0.0,0,218
741,32,F,Married,High,30,Website,8,2317.66,289.7075,1.0,1.0,0.0,0,192
742,67,F,Divorced,High,45,Online Banking,2,583.1,291.55,0.0,0.0,0.0,1,276
743,25,F,Divorced,Low,14,Online Banking,4,1118.41,279.6025,2.0,1.0,0.0,0,156
744,61,F,Widowed,High,27,Website,6,1132.03,188.67166666666665,0.0,0.0,0.0,0,205
745,64,F,Divorced,High,48,Website,9,2639.2799999999997,293.25333333333333,0.0,0.0,0.0,0,204
746,66,M,Divorced,Medium,30,Mobile App,2,604.8199999999999,302.40999999999997,1.0,0.0,0.0,0,13
747,51,M,Married,Low,10,Online Banking,4,967.0799999999999,241.76999999999998,2.0,1.0,2.0,0,29
748,35,F,Single,High,20,Mobile App,2,284.57,142.285,0.0,0.0,0.0,1,328
749,47,M,Divorced,High,44,Online Banking,3,618.27,206.09,2.0,1.0,1.0,0,308
750,30,F,Single,High,7,Website,8,2600.41,325.05125,2.0,0.0,1.0,0,132
751,64,F,Divorced,High,34,Website,6,1172.35,195.39166666666665,1.0,1.0,0.0,0,129
752,50,F,Divorced,Low,27,Website,9,2056.76,228.5288888888889,2.0,0.0,0.0,0,24
753,52,F,Divorced,Medium,23,Online Banking,6,1560.95,260.15833333333336,2.0,1.0,1.0,1,188
754,69,M,Widowed,Medium,46,Website,4,1122.07,280.5175,0.0,0.0,0.0,0,57
755,41,F,Widowed,High,45,Website,3,539.68,179.89333333333332,0.0,0.0,0.0,0,315
756,43,F,Widowed,Medium,25,Mobile App,6,2081.7,346.95,0.0,0.0,0.0,0,144
757,64,F,Single,Medium,28,Mobile App,5,1484.12,296.82399999999996,1.0,0.0,0.0,1,116
758,68,M,Single,Medium,18,Online Banking,9,1725.5,191.72222222222223,2.0,0.0,2.0,0,146
759,61,F,Widowed,Medium,13,Website,2,575.97,287.985,1.0,1.0,0.0,0,294
760,59,M,Single,Medium,13,Online Banking,1,477.75,477.75,2.0,0.0,1.0,0,335
761,64,M,Married,Low,45,Online Banking,9,1309.22,145.4688888888889,1.0,0.0,0.0,0,358
762,18,F,Single,Low,34,Mobile App,9,2577.9500000000003,286.4388888888889,1.0,1.0,1.0,1,55
763,30,M,Married,Low,14,Mobile App,5,693.13,138.626,2.0,1.0,0.0,1,247
764,27,M,Widowed,Medium,28,Mobile App,1,496.99,496.99,0.0,0.0,0.0,0,319
765,36,F,Married,Low,13,Online Banking,5,1079.2,215.84,1.0,0.0,0.0,0,24
766,22,F,Widowed,Medium,34,Website,3,910.23,303.41,2.0,1.0,0.0,0,175
767,25,M,Widowed,Medium,5,Mobile App,8,2189.69,273.71125,0.0,0.0,0.0,0,143
768,21,F,Widowed,Low,40,Mobile App,5,1068.46,213.692,0.0,0.0,0.0,0,131
769,66,M,Single,High,10,Mobile App,5,1257.45,251.49,2.0,1.0,1.0,0,219
770,30,F,Divorced,Medium,36,Website,6,970.67,161.77833333333334,2.0,0.0,2.0,0,335
771,55,F,Divorced,Medium,6,Online Banking,7,1500.63,214.3757142857143,2.0,1.0,1.0,0,262
772,63,F,Married,Low,21,Online Banking,4,1124.58,281.145,2.0,0.0,2.0,0,245
773,66,M,Divorced,Medium,35,Website,8,1918.91,239.86375,0.0,0.0,0.0,0,177
774,63,M,Widowed,Medium,16,Online Banking,1,41.49,41.49,0.0,0.0,0.0,0,37
775,36,M,Divorced,Medium,20,Website,5,1586.9,317.38,1.0,0.0,0.0,1,152
776,69,F,Married,Low,31,Mobile App,5,1647.73,329.546,2.0,1.0,1.0,0,147
777,67,M,Widowed,High,5,Website,6,1488.0,248.0,0.0,0.0,0.0,1,100
778,25,F,Single,High,6,Online Banking,9,2064.51,229.39000000000001,2.0,1.0,1.0,0,160
779,44,F,Widowed,Low,2,Mobile App,6,1563.06,260.51,1.0,0.0,0.0,0,167
780,67,M,Widowed,Medium,39,Mobile App,7,2107.59,301.0842857142857,1.0,1.0,1.0,0,73
781,64,F,Married,High,22,Mobile App,2,548.61,274.305,1.0,0.0,0.0,0,337
782,47,M,Single,Low,11,Mobile App,5,1042.79,208.558,1.0,0.0,1.0,1,115
783,21,F,Widowed,Low,15,Website,6,1133.6799999999998,188.94666666666663,0.0,0.0,0.0,0,143
784,28,M,Single,Medium,13,Online Banking,4,1567.71,391.9275,2.0,0.0,1.0,0,144
785,38,F,Widowed,Medium,33,Online Banking,7,1960.77,280.11,1.0,0.0,0.0,0,84
786,60,F,Widowed,Low,46,Mobile App,9,2141.4,237.93333333333334,2.0,0.0,1.0,0,112
787,19,M,Married,Low,14,Website,8,1255.38,156.9225,2.0,2.0,1.0,0,235
788,38,M,Widowed,Low,39,Online Banking,5,1041.15,208.23000000000002,0.0,0.0,0.0,1,133
789,34,F,Widowed,High,2,Website,8,1755.6999999999998,219.46249999999998,2.0,1.0,0.0,1,102
790,60,M,Widowed,Medium,10,Website,9,2782.16,309.12888888888887,1.0,0.0,0.0,0,247
791,68,F,Divorced,Low,42,Website,2,441.32,220.66,2.0,0.0,0.0,1,10
792,46,F,Single,Medium,30,Online Banking,5,1381.17,276.23400000000004,2.0,0.0,1.0,0,147
793,44,F,Married,High,32,Website,6,1189.15,198.1916666666667,1.0,0.0,0.0,0,78
794,41,F,Married,Low,9,Website,6,2430.75,405.125,2.0,2.0,0.0,0,222
795,66,F,Married,Medium,48,Online Banking,4,993.04,248.26,1.0,0.0,0.0,0,0
796,20,M,Widowed,High,16,Website,9,2309.95,256.6611111111111,0.0,0.0,0.0,0,325
797,56,M,Single,Low,39,Website,4,922.22,230.555,1.0,0.0,0.0,0,2
798,27,M,Divorced,Medium,5,Mobile App,6,953.9499999999999,158.99166666666665,2.0,0.0,0.0,0,218
799,20,F,Divorced,Low,46,Mobile App,4,912.13,228.0325,1.0,0.0,1.0,1,362
800,62,M,Married,Medium,15,Online Banking,5,1213.09,242.618,2.0,1.0,1.0,0,217
801,59,M,Single,Medium,4,Website,7,1621.99,231.71285714285713,0.0,0.0,0.0,0,117
802,43,M,Divorced,High,24,Mobile App,2,504.29,252.145,2.0,0.0,1.0,0,115
803,54,F,Married,High,25,Website,8,2136.39,267.04875,1.0,0.0,1.0,0,47
804,44,M,Divorced,High,37,Website,7,2218.53,316.9328571428572,1.0,0.0,0.0,0,12
805,22,M,Divorced,High,24,Website,6,1100.6200000000001,183.4366666666667,1.0,1.0,0.0,0,348
806,59,M,Single,High,42,Online Banking,3,421.3,140.43333333333334,1.0,1.0,0.0,1,133
807,28,F,Married,Medium,13,Mobile App,4,1217.41,304.3525,0.0,0.0,0.0,1,306
808,30,M,Divorced,High,20,Online Banking,6,1759.63,293.2716666666667,2.0,0.0,1.0,0,135
809,58,F,Widowed,Medium,5,Mobile App,9,1482.3600000000001,164.70666666666668,0.0,0.0,0.0,0,324
810,51,F,Widowed,Medium,20,Online Banking,4,1290.08,322.52,1.0,1.0,0.0,0,317
811,55,M,Divorced,Low,18,Online Banking,2,871.11,435.555,1.0,1.0,0.0,0,267
812,57,F,Single,Medium,39,Mobile App,7,2042.29,291.7557142857143,2.0,1.0,0.0,1,297
813,50,M,Single,Medium,49,Website,8,2206.29,275.78625,0.0,0.0,0.0,0,23
814,51,F,Divorced,High,3,Online Banking,9,1650.27,183.36333333333334,2.0,0.0,0.0,0,223
815,44,M,Single,Medium,44,Online Banking,2,493.38,246.69,0.0,0.0,0.0,0,132
816,53,M,Single,High,31,Online Banking,8,1299.37,162.42125,0.0,0.0,0.0,0,72
817,43,F,Widowed,Medium,30,Website,4,337.9,84.475,0.0,0.0,0.0,0,14
818,68,M,Married,Medium,41,Online Banking,8,1295.74,161.9675,1.0,1.0,0.0,0,283
819,42,F,Married,High,24,Website,5,985.26,197.052,1.0,0.0,1.0,0,239
820,36,M,Divorced,Low,5,Online Banking,2,566.46,283.23,0.0,0.0,0.0,0,114
821,38,F,Divorced,Medium,20,Mobile App,2,304.95,152.475,1.0,1.0,0.0,0,195
822,48,F,Divorced,Medium,24,Mobile App,9,2275.24,252.8044444444444,2.0,1.0,2.0,0,336
823,46,F,Widowed,High,17,Online Banking,3,651.38,217.12666666666667,1.0,0.0,0.0,1,0
824,26,F,Widowed,High,8,Online Banking,1,318.01,318.01,0.0,0.0,0.0,0,330
825,36,F,Single,Low,21,Website,9,1087.05,120.78333333333333,0.0,0.0,0.0,0,50
826,43,M,Widowed,Low,14,Mobile App,6,1099.45,183.24166666666667,1.0,1.0,1.0,1,166
827,42,M,Married,Low,38,Online Banking,6,2317.93,386.32166666666666,0.0,0.0,0.0,1,83
828,57,F,Widowed,Medium,32,Online Banking,4,1361.59,340.3975,1.0,0.0,1.0,0,80
829,60,M,Divorced,Medium,36,Online Banking,1,144.37,144.37,0.0,0.0,0.0,0,201
830,46,M,Married,High,40,Website,2,395.99,197.995,0.0,0.0,0.0,0,167
831,42,F,Single,High,4,Mobile App,8,1417.95,177.24375,1.0,0.0,1.0,1,119
832,36,F,Married,High,21,Website,5,1463.62,292.724,0.0,0.0,0.0,0,131
833,21,F,Widowed,Low,25,Mobile App,5,1000.79,200.158,1.0,0.0,1.0,0,108
834,62,F,Widowed,Low,45,Mobile App,5,1521.8600000000001,304.372,1.0,0.0,1.0,0,40
835,37,M,Single,Low,1,Mobile App,5,825.2,165.04000000000002,1.0,1.0,0.0,0,163
836,63,M,Divorced,Medium,47,Mobile App,6,1130.44,188.40666666666667,2.0,1.0,0.0,1,208
837,18,F,Single,Medium,13,Website,7,1600.01,228.57285714285715,0.0,0.0,0.0,0,127
838,28,M,Single,High,16,Online Banking,9,1729.93,192.21444444444444,2.0,1.0,1.0,0,362
839,21,M,Single,Low,29,Mobile App,5,1182.6,236.51999999999998,0.0,0.0,0.0,0,186
840,24,F,Single,Medium,39,Mobile App,5,997.8299999999999,199.56599999999997,1.0,1.0,0.0,0,190
841,45,M,Widowed,Low,29,Website,8,1829.46,228.6825,1.0,0.0,1.0,1,149
842,53,M,Divorced,Medium,12,Mobile App,8,2806.69,350.83625,1.0,1.0,0.0,0,277
843,24,F,Married,Low,31,Website,5,1069.53,213.906,1.0,1.0,0.0,0,327
844,37,M,Divorced,Medium,20,Mobile App,6,1505.23,250.87166666666667,0.0,0.0,0.0,0,61
845,52,M,Divorced,Medium,35,Online Banking,8,2238.86,279.8575,0.0,0.0,0.0,0,316
846,68,M,Single,Medium,41,Mobile App,5,1667.48,333.496,0.0,0.0,0.0,0,103
847,68,F,Divorced,Medium,28,Online Banking,6,1672.9299999999998,278.82166666666666,2.0,1.0,0.0,0,39
848,56,F,Single,High,35,Mobile App,2,690.1600000000001,345.08000000000004,2.0,0.0,1.0,1,362
849,38,M,Married,Low,29,Website,5,830.54,166.108,2.0,1.0,1.0,0,345
850,61,F,Single,Medium,44,Mobile App,1,38.12,38.12,0.0,0.0,0.0,1,133
851,18,M,Married,Medium,39,Online Banking,2,580.18,290.09,1.0,0.0,0.0,0,336
852,54,F,Divorced,Low,29,Mobile App,4,569.13,142.2825,1.0,1.0,1.0,0,99
853,63,M,Single,Medium,34,Website,3,1178.95,392.98333333333335,1.0,1.0,1.0,0,30
854,59,F,Widowed,Medium,10,Mobile App,1,47.85,47.85,2.0,0.0,1.0,0,172
855,20,M,Married,Low,37,Online Banking,8,2656.16,332.02,2.0,0.0,1.0,0,97
856,51,M,Divorced,High,48,Website,3,524.36,174.78666666666666,0.0,0.0,0.0,0,227
857,30,F,Married,High,7,Mobile App,1,379.0,379.0,1.0,0.0,0.0,1,174
858,33,M,Single,Medium,9,Website,2,224.33,112.165,2.0,1.0,0.0,0,145
859,51,M,Widowed,High,16,Website,9,2320.9,257.8777777777778,0.0,0.0,0.0,0,160
860,41,F,Married,High,21,Mobile App,2,410.36,205.18,2.0,0.0,1.0,0,218
861,30,F,Married,Medium,14,Website,2,258.79,129.395,1.0,0.0,0.0,0,229
862,23,M,Married,Medium,2,Online Banking,6,1581.13,263.5216666666667,0.0,0.0,0.0,0,299
863,56,M,Divorced,High,26,Online Banking,7,1031.04,147.29142857142855,2.0,0.0,1.0,0,78
864,19,M,Widowed,Medium,34,Website,7,1537.15,219.59285714285716,0.0,0.0,0.0,0,286
865,28,F,Widowed,Medium,47,Mobile App,9,2739.69,304.41,1.0,0.0,1.0,0,204
866,24,F,Widowed,High,49,Website,2,440.09000000000003,220.04500000000002,0.0,0.0,0.0,0,5
867,24,M,Married,Low,18,Website,6,985.19,164.19833333333335,0.0,0.0,0.0,0,11
868,56,M,Married,High,12,Website,6,1858.01,309.66833333333335,0.0,0.0,0.0,0,162
869,56,M,Married,High,19,Online Banking,7,1708.06,244.00857142857143,2.0,1.0,1.0,1,16
870,29,M,Married,High,36,Website,1,358.81,358.81,1.0,0.0,1.0,0,347
871,68,F,Single,Medium,38,Online Banking,4,1268.83,317.2075,2.0,1.0,1.0,0,106
872,39,M,Single,High,16,Website,8,2710.07,338.75875,0.0,0.0,0.0,0,245
873,68,M,Divorced,Medium,46,Website,3,868.72,289.5733333333333,0.0,0.0,0.0,0,72
874,68,F,Married,Low,8,Mobile App,1,488.21,488.21,2.0,0.0,0.0,0,2
875,69,F,Divorced,High,9,Website,8,2066.71,258.33875,0.0,0.0,0.0,0,29
876,20,F,Widowed,Low,4,Online Banking,8,1940.62,242.5775,1.0,0.0,0.0,0,102
877,30,F,Married,High,36,Website,7,2189.5499999999997,312.7928571428571,0.0,0.0,0.0,0,214
878,47,M,Single,Medium,47,Website,8,2181.62,272.7025,0.0,0.0,0.0,0,148
879,27,M,Married,Low,38,Online Banking,1,328.09,328.09,1.0,0.0,0.0,0,173
880,69,F,Widowed,High,49,Online Banking,7,1311.23,187.31857142857143,2.0,0.0,0.0,0,51
881,26,F,Divorced,Low,49,Website,1,189.28,189.28,2.0,1.0,1.0,0,274
882,23,M,Married,Medium,45,Website,3,745.26,248.42,0.0,0.0,0.0,0,112
883,61,M,Single,Medium,4,Website,7,776.71,110.95857142857143,2.0,1.0,2.0,0,77
884,19,M,Widowed,High,8,Online Banking,9,2069.03,229.89222222222224,1.0,0.0,1.0,0,87
885,61,F,Widowed,High,43,Mobile App,9,2431.0299999999997,270.1144444444444,2.0,0.0,1.0,0,356
886,33,F,Divorced,Low,7,Mobile App,7,2197.83,313.9757142857143,1.0,1.0,0.0,0,132
887,30,F,Married,Medium,3,Website,4,812.28,203.07,2.0,1.0,1.0,0,295
888,65,M,Single,Medium,1,Online Banking,3,436.94,145.64666666666668,1.0,0.0,1.0,0,118
889,30,M,Married,High,4,Mobile App,4,306.88,76.72,0.0,0.0,0.0,0,339
890,39,M,Single,Medium,1,Mobile App,2,369.47,184.735,2.0,0.0,0.0,0,305
891,36,F,Divorced,Medium,46,Website,5,1602.17,320.434,2.0,0.0,2.0,0,291
892,43,F,Widowed,Medium,42,Mobile App,1,183.21,183.21,1.0,0.0,1.0,0,349
893,31,M,Divorced,Low,38,Mobile App,9,3026.91,336.3233333333333,2.0,1.0,1.0,0,78
894,48,M,Widowed,Low,37,Mobile App,3,983.26,327.75333333333333,2.0,0.0,1.0,0,132
895,46,F,Married,Low,12,Mobile App,7,1649.0800000000002,235.58285714285716,0.0,0.0,0.0,0,96
896,62,F,Widowed,Medium,42,Online Banking,8,1403.03,175.37875,1.0,0.0,0.0,0,39
897,59,F,Single,High,10,Mobile App,8,2125.28,265.66,2.0,1.0,2.0,0,132
898,39,M,Divorced,High,47,Online Banking,9,2794.0,310.44444444444446,1.0,0.0,1.0,0,356
899,24,M,Widowed,High,1,Website,1,38.78,38.78,1.0,0.0,1.0,1,15
900,54,F,Widowed,Low,2,Online Banking,3,353.54,117.84666666666668,1.0,0.0,0.0,0,283
901,66,M,Married,Medium,12,Website,2,517.94,258.97,0.0,0.0,0.0,0,351
902,58,F,Married,Low,39,Online Banking,7,1040.2,148.6,2.0,0.0,1.0,0,105
903,44,M,Married,Low,48,Mobile App,4,762.78,190.695,1.0,1.0,0.0,1,192
904,48,M,Single,High,36,Mobile App,7,1684.39,240.62714285714287,1.0,1.0,0.0,0,37
905,23,M,Married,High,7,Online Banking,8,1222.55,152.81875,1.0,0.0,1.0,0,34
906,33,F,Widowed,Medium,38,Website,5,1235.8,247.16,0.0,0.0,0.0,1,272
907,55,M,Single,Low,25,Website,1,54.82,54.82,0.0,0.0,0.0,0,207
908,55,F,Married,Medium,3,Website,9,1865.09,207.23222222222222,2.0,1.0,1.0,0,25
909,67,M,Widowed,Low,27,Online Banking,3,718.24,239.41333333333333,0.0,0.0,0.0,0,332
910,49,F,Single,Medium,24,Online Banking,4,797.14,199.285,0.0,0.0,0.0,0,137
911,50,F,Widowed,Low,27,Mobile App,3,1058.9,352.9666666666667,0.0,0.0,0.0,0,307
912,66,F,Married,Medium,6,Mobile App,9,1915.01,212.7788888888889,1.0,1.0,1.0,0,154
913,34,F,Married,Low,25,Mobile App,1,267.44,267.44,2.0,0.0,0.0,0,105
914,50,F,Single,Low,43,Website,7,1722.8,246.1142857142857,2.0,1.0,1.0,0,153
915,28,M,Divorced,High,31,Online Banking,7,1786.6,255.22857142857143,0.0,0.0,0.0,0,192
916,30,M,Widowed,Low,44,Mobile App,6,1176.86,196.14333333333332,0.0,0.0,0.0,0,122
917,47,F,Widowed,High,9,Mobile App,8,1799.3600000000001,224.92000000000002,1.0,0.0,0.0,0,235
918,18,F,Divorced,Medium,39,Mobile App,4,1140.8200000000002,285.20500000000004,0.0,0.0,0.0,1,81
919,47,F,Divorced,High,29,Website,7,1547.47,221.06714285714287,0.0,0.0,0.0,1,17
920,44,M,Widowed,Low,14,Mobile App,9,2059.02,228.78,1.0,0.0,1.0,0,84
921,57,F,Single,High,36,Online Banking,6,1778.2,296.3666666666667,1.0,0.0,1.0,0,56
922,40,M,Divorced,High,29,Website,3,1135.0,378.3333333333333,1.0,1.0,1.0,0,143
923,37,F,Married,Medium,43,Website,9,2462.85,273.65,2.0,0.0,2.0,0,324
924,23,M,Single,High,41,Website,2,760.13,380.065,1.0,0.0,1.0,1,281
925,54,F,Divorced,Medium,38,Mobile App,5,1930.4099999999999,386.082,0.0,0.0,0.0,1,345
926,37,M,Married,Medium,22,Online Banking,1,157.62,157.62,0.0,0.0,0.0,1,242
927,54,M,Married,High,12,Mobile App,5,1462.34,292.46799999999996,0.0,0.0,0.0,1,208
928,23,F,Widowed,Low,40,Website,8,2584.66,323.0825,2.0,0.0,1.0,0,224
929,46,F,Single,Medium,49,Online Banking,1,358.27,358.27,0.0,0.0,0.0,0,318
930,30,F,Divorced,High,26,Website,2,809.61,404.805,0.0,0.0,0.0,0,143
931,44,F,Married,Medium,46,Mobile App,5,1985.28,397.056,1.0,0.0,1.0,0,296
932,67,M,Widowed,High,28,Online Banking,1,350.46,350.46,1.0,0.0,0.0,0,209
933,37,M,Divorced,High,21,Website,1,74.06,74.06,2.0,1.0,1.0,0,246
934,30,M,Married,Low,27,Mobile App,1,282.29,282.29,1.0,0.0,0.0,0,47
935,56,M,Widowed,High,33,Website,4,939.39,234.8475,2.0,0.0,0.0,1,64
936,25,M,Married,Medium,29,Mobile App,9,2591.57,287.95222222222225,0.0,0.0,0.0,0,156
937,34,M,Widowed,Medium,24,Mobile App,7,1842.6599999999999,263.2371428571428,2.0,1.0,1.0,1,276
938,47,F,Widowed,Low,32,Website,3,695.9300000000001,231.9766666666667,1.0,0.0,1.0,0,195
939,18,M,Single,Medium,6,Website,1,394.48,394.48,0.0,0.0,0.0,0,39
940,41,M,Divorced,Low,27,Mobile App,7,1536.43,219.49,2.0,2.0,1.0,0,271
941,33,M,Widowed,High,16,Website,6,1440.83,240.13833333333332,0.0,0.0,0.0,0,100
942,28,F,Married,High,36,Online Banking,7,1539.42,219.91714285714286,0.0,0.0,0.0,0,201
943,21,M,Divorced,High,47,Website,2,398.92,199.46,1.0,0.0,0.0,0,287
944,21,F,Divorced,Low,30,Website,5,1280.1000000000001,256.02000000000004,2.0,2.0,1.0,0,210
945,34,M,Divorced,Medium,15,Website,5,541.1999999999999,108.23999999999998,0.0,0.0,0.0,0,164
946,66,M,Single,Medium,8,Mobile App,3,451.82,150.60666666666665,0.0,0.0,0.0,0,48
947,27,F,Widowed,High,31,Website,3,589.06,196.35333333333332,1.0,0.0,1.0,1,239
948,38,M,Widowed,Medium,9,Mobile App,5,1416.12,283.224,0.0,0.0,0.0,1,322
949,55,M,Widowed,Low,42,Online Banking,4,956.3,239.075,0.0,0.0,0.0,0,202
950,66,F,Widowed,Low,21,Online Banking,4,1085.17,271.2925,0.0,0.0,0.0,0,253
951,35,F,Married,Low,39,Online Banking,7,1494.92,213.56,2.0,1.0,1.0,0,53
952,27,M,Widowed,Low,39,Website,1,344.33,344.33,1.0,0.0,1.0,0,286
953,62,M,Divorced,Medium,43,Website,9,2580.58,286.7311111111111,2.0,1.0,1.0,0,71
954,33,F,Widowed,Low,20,Online Banking,6,2009.3200000000002,334.8866666666667,0.0,0.0,0.0,0,164
955,56,F,Widowed,Medium,26,Website,6,1453.74,242.29,2.0,1.0,1.0,0,23
956,32,F,Widowed,High,38,Online Banking,3,858.04,286.0133333333333,0.0,0.0,0.0,0,72
957,51,F,Widowed,Medium,43,Mobile App,1,32.8,32.8,0.0,0.0,0.0,0,213
958,22,M,Single,Low,14,Online Banking,5,972.8,194.56,1.0,1.0,1.0,0,224
959,34,M,Divorced,Medium,48,Online Banking,1,285.35,285.35,0.0,0.0,0.0,0,44
960,54,F,Single,High,41,Online Banking,6,1553.52,258.92,2.0,0.0,2.0,0,324
961,25,M,Divorced,High,21,Mobile App,3,964.3299999999999,321.4433333333333,2.0,0.0,1.0,0,244
962,41,F,Widowed,High,19,Online Banking,4,1021.08,255.27,2.0,0.0,2.0,1,271
963,45,F,Widowed,Medium,14,Online Banking,3,660.3299999999999,220.10999999999999,2.0,0.0,0.0,0,105
964,64,M,Divorced,Low,9,Online Banking,9,2348.82,260.98,2.0,0.0,1.0,0,293
965,25,F,Divorced,Low,42,Mobile App,1,213.98,213.98,1.0,1.0,1.0,1,173
966,40,F,Single,Medium,4,Mobile App,7,2097.75,299.67857142857144,0.0,0.0,0.0,1,229
967,52,M,Single,Low,23,Online Banking,1,230.71,230.71,0.0,0.0,0.0,0,247
968,48,M,Married,Low,22,Online Banking,2,344.12,172.06,1.0,0.0,0.0,0,348
969,34,F,Married,Medium,20,Online Banking,4,1296.96,324.24,1.0,1.0,1.0,0,250
970,45,M,Single,High,19,Website,6,748.6800000000001,124.78000000000002,2.0,1.0,2.0,1,284
971,65,M,Married,Low,19,Mobile App,2,283.95,141.975,0.0,0.0,0.0,1,75
972,65,M,Single,High,23,Mobile App,3,1105.44,368.48,0.0,0.0,0.0,0,66
973,68,M,Single,Low,31,Website,1,56.53,56.53,0.0,0.0,0.0,0,74
974,29,M,Single,High,46,Mobile App,6,1789.81,298.3016666666667,0.0,0.0,0.0,0,110
975,41,M,Married,High,19,Mobile App,7,1892.1799999999998,270.31142857142856,0.0,0.0,0.0,1,108
976,32,F,Divorced,Low,44,Online Banking,2,557.62,278.81,0.0,0.0,0.0,0,317
977,57,M,Widowed,Low,20,Online Banking,3,772.3399999999999,257.44666666666666,2.0,1.0,0.0,0,326
978,48,F,Married,Medium,26,Mobile App,7,1465.5,209.35714285714286,1.0,1.0,1.0,0,108
979,44,F,Widowed,Low,6,Website,7,1711.28,244.46857142857144,1.0,0.0,0.0,1,227
980,52,F,Widowed,Low,28,Online Banking,8,2079.5,259.9375,1.0,1.0,1.0,0,241
981,35,M,Divorced,Medium,41,Website,1,285.43,285.43,0.0,0.0,0.0,0,99
982,53,M,Married,High,4,Mobile App,6,913.21,152.20166666666668,1.0,0.0,0.0,1,194
983,25,F,Widowed,Medium,49,Mobile App,5,1395.3000000000002,279.06000000000006,2.0,2.0,1.0,0,236
984,63,F,Divorced,High,44,Website,8,1127.04,140.88,1.0,1.0,0.0,0,244
985,66,F,Divorced,Medium,9,Website,5,1752.58,350.51599999999996,2.0,0.0,1.0,0,302
986,55,F,Single,Low,49,Online Banking,7,1392.61,198.9442857142857,2.0,1.0,0.0,0,53
987,22,M,Married,Low,14,Mobile App,7,1683.65,240.52142857142857,0.0,0.0,0.0,1,206
988,31,F,Widowed,High,31,Website,9,2543.12,282.56888888888886,2.0,1.0,2.0,0,320
989,55,M,Divorced,Low,29,Website,7,1530.42,218.6314285714286,2.0,2.0,2.0,1,158
990,37,F,Widowed,High,49,Mobile App,1,483.5,483.5,2.0,1.0,1.0,1,207
991,61,M,Married,Medium,22,Website,3,801.36,267.12,0.0,0.0,0.0,0,105
992,26,M,Single,Low,9,Website,1,311.62,311.62,1.0,0.0,1.0,0,280
993,50,F,Widowed,High,11,Website,1,81.64,81.64,0.0,0.0,0.0,0,4
994,35,F,Single,Medium,25,Mobile App,9,1801.34,200.14888888888888,2.0,2.0,2.0,0,161
995,23,F,Divorced,Low,34,Website,5,1020.0,204.0,1.0,0.0,0.0,1,153
996,54,F,Single,Low,38,Mobile App,1,227.25,227.25,0.0,0.0,0.0,0,336
997,19,M,Widowed,High,5,Mobile App,2,419.82,209.91,0.0,0.0,0.0,0,274
998,47,M,Married,Low,47,Website,1,252.15,252.15,0.0,0.0,0.0,0,174
999,23,M,Widowed,High,23,Website,9,2393.2599999999998,265.91777777777776,0.0,0.0,0.0,0,357
1000,34,M,Widowed,Low,22,Mobile App,6,1670.79,278.465,0.0,0.0,0.0,0,140
